rand_point_id,id,start_x,start_y,end_x,end_y
"0","1",-4.056,56.520,-2.756,56.520
"1","1",-1.128,52.478,0.172,52.478
"2","1",-3.319,55.634,-2.019,55.634
"5","1",-2.212,53.077,-0.912,53.077
"8","1",-2.627,54.223,-1.327,54.223
"18","1",-3.802,57.472,-2.502,57.472
"24","1",-1.818,51.282,-0.518,51.282
"25","1",-2.107,51.187,-0.807,51.187
"27","1",-4.103,56.769,-2.803,56.769
"28","1",-0.479,51.791,0.821,51.791
"29","1",-3.806,57.324,-2.506,57.324
"33","1",-3.593,55.393,-2.293,55.393
"34","1",-1.820,52.858,-0.520,52.858
"35","1",-3.776,52.153,-2.476,52.153
"39","1",-2.176,52.001,-0.876,52.001
"40","1",-2.021,50.915,-0.721,50.915
"43","1",-3.309,50.838,-2.009,50.838
"44","1",-3.880,50.922,-2.580,50.922
"45","1",-2.484,53.128,-1.184,53.128
"46","1",-3.518,55.446,-2.218,55.446
"47","1",-2.198,52.798,-0.898,52.798
"49","1",-3.519,52.956,-2.219,52.956
"50","1",-2.988,53.870,-1.688,53.870
"52","1",-4.010,52.809,-2.710,52.809
"53","1",-0.780,51.229,0.520,51.229
"55","1",-2.553,51.915,-1.253,51.915
"57","1",-2.928,53.662,-1.628,53.662
"58","1",-1.151,53.192,0.149,53.192
"63","1",-2.551,50.824,-1.251,50.824
"64","1",-1.975,52.824,-0.675,52.824
"67","1",-3.618,53.153,-2.318,53.153
"69","1",-4.201,56.954,-2.901,56.954
"70","1",-0.171,52.747,1.129,52.747
"72","1",-1.091,52.490,0.209,52.490
"74","1",-2.296,52.756,-0.996,52.756
"75","1",-1.128,51.250,0.172,51.250
"76","1",-1.729,51.302,-0.429,51.302
"77","1",-0.740,52.050,0.560,52.050
"80","1",-1.573,51.791,-0.273,51.791
"82","1",-3.192,57.563,-1.892,57.563
"84","1",-2.668,52.808,-1.368,52.808
"85","1",-2.080,50.857,-0.780,50.857
"87","1",-0.769,52.524,0.531,52.524
"89","1",-1.045,52.291,0.255,52.291
"91","1",-2.389,52.799,-1.089,52.799
"92","1",-2.982,53.634,-1.682,53.634
"93","1",-1.091,51.213,0.209,51.213
"94","1",-2.884,54.003,-1.584,54.003
"95","1",-0.499,52.624,0.801,52.624
"96","1",-1.970,50.888,-0.670,50.888
"97","1",-3.435,50.747,-2.135,50.747
"100","1",-1.434,53.529,-0.134,53.529
"102","1",-0.852,51.965,0.448,51.965
"103","1",-3.131,51.977,-1.831,51.977
"104","1",-2.228,51.879,-0.928,51.879
"105","1",-2.275,52.025,-0.975,52.025
"107","1",-1.421,53.231,-0.121,53.231
"113","1",-1.802,53.988,-0.502,53.988
"114","1",-3.510,52.462,-2.210,52.462
"118","1",0.335,52.206,1.635,52.206
"119","1",-3.392,52.092,-2.092,52.092
"122","1",-0.454,52.288,0.846,52.288
"126","1",-4.406,55.327,-3.106,55.327
"132","1",-3.548,50.737,-2.248,50.737
"133","1",-1.559,53.879,-0.259,53.879
"137","1",-0.965,52.554,0.335,52.554
"139","1",-2.255,51.539,-0.955,51.539
"143","1",-3.019,51.937,-1.719,51.937
"147","1",-2.613,51.137,-1.313,51.137
"150","1",-3.037,54.459,-1.737,54.459
"151","1",-2.156,53.568,-0.856,53.568
"152","1",-1.200,53.411,0.100,53.411
"155","1",-3.092,55.114,-1.792,55.114
"158","1",-0.568,51.889,0.732,51.889
"162","1",-0.455,52.085,0.845,52.085
"167","1",-3.945,52.744,-2.645,52.744
"173","1",-2.374,53.365,-1.074,53.365
"175","1",-1.912,50.979,-0.612,50.979
"178","1",-2.463,51.338,-1.163,51.338
"179","1",-1.143,53.229,0.157,53.229
"184","1",-4.061,52.911,-2.761,52.911
"185","1",-2.632,51.889,-1.332,51.889
"188","1",-1.257,52.509,0.043,52.509
"192","1",-2.083,53.639,-0.783,53.639
"196","1",-1.519,51.807,-0.219,51.807
"198","1",-4.584,57.166,-3.284,57.166
"200","1",-4.208,56.820,-2.908,56.820
"202","1",-4.551,55.490,-3.251,55.490
"203","1",-0.910,51.854,0.390,51.854
"207","1",-2.982,52.101,-1.682,52.101
"208","1",-4.216,56.991,-2.916,56.991
"210","1",-3.888,56.566,-2.588,56.566
"211","1",-3.086,53.033,-1.786,53.033
"212","1",-2.767,54.720,-1.467,54.720
"216","1",-3.461,51.988,-2.161,51.988
"218","1",-4.706,56.427,-3.406,56.427
"220","1",-4.749,55.392,-3.449,55.392
"221","1",-4.340,55.120,-3.040,55.120
"224","1",-0.967,50.880,0.333,50.880
"225","1",-0.470,52.717,0.830,52.717
"226","1",-2.680,54.585,-1.380,54.585
"229","1",-3.292,52.130,-1.992,52.130
"231","1",-3.996,52.178,-2.696,52.178
"235","1",-2.784,54.244,-1.484,54.244
"236","1",-2.313,54.231,-1.013,54.231
"237","1",-4.444,55.369,-3.144,55.369
"238","1",-1.534,53.187,-0.234,53.187
"239","1",-2.341,53.097,-1.041,53.097
"240","1",-1.368,52.390,-0.068,52.390
"243","1",-0.680,52.259,0.620,52.259
"244","1",-2.705,52.678,-1.405,52.678
"245","1",-4.177,55.479,-2.877,55.479
"246","1",-3.001,54.399,-1.701,54.399
"251","1",-2.260,50.885,-0.960,50.885
"252","1",-1.151,51.057,0.149,51.057
"258","1",-2.327,53.054,-1.027,53.054
"261","1",-3.887,56.611,-2.587,56.611
"271","1",-2.096,52.876,-0.796,52.876
"280","1",-3.478,50.917,-2.178,50.917
"287","1",-1.710,51.809,-0.410,51.809
"290","1",-3.631,57.321,-2.331,57.321
"294","1",-3.655,56.935,-2.355,56.935
"295","1",-1.599,51.949,-0.299,51.949
"307","1",-1.423,52.096,-0.123,52.096
"310","1",-2.602,54.468,-1.302,54.468
"312","1",-0.512,52.446,0.788,52.446
"314","1",-4.249,55.299,-2.949,55.299
"315","1",-2.086,52.182,-0.786,52.182
"317","1",-1.915,53.412,-0.615,53.412
"318","1",-2.652,53.717,-1.352,53.717
"320","1",-0.651,51.230,0.649,51.230
"322","1",-1.662,53.555,-0.362,53.555
"326","1",-4.583,56.650,-3.283,56.650
"329","1",-2.534,50.925,-1.234,50.925
"332","1",-1.393,53.576,-0.093,53.576
"335","1",0.151,52.784,1.451,52.784
"347","1",-3.539,52.766,-2.239,52.766
"348","1",-2.261,51.836,-0.961,51.836
"353","1",-3.936,51.813,-2.636,51.813
"354","1",-3.889,55.253,-2.589,55.253
"355","1",-2.897,51.995,-1.597,51.995
"356","1",-0.920,52.283,0.380,52.283
"357","1",-1.996,54.370,-0.696,54.370
"358","1",-1.756,53.432,-0.456,53.432
"361","1",-0.547,51.929,0.753,51.929
"364","1",-0.731,51.018,0.569,51.018
"366","1",-1.141,50.933,0.159,50.933
"369","1",0.140,52.151,1.440,52.151
"382","1",-2.768,50.775,-1.468,50.775
"389","1",-3.264,55.190,-1.964,55.190
"390","1",-2.483,54.495,-1.183,54.495
"392","1",-3.894,55.734,-2.594,55.734
"393","1",-3.405,57.339,-2.105,57.339
"398","1",-2.424,51.489,-1.124,51.489
"399","1",-3.649,51.019,-2.349,51.019
"403","1",-1.820,51.847,-0.520,51.847
"406","1",-2.725,52.218,-1.425,52.218
"413","1",-2.254,52.314,-0.954,52.314
"415","1",-1.955,53.039,-0.655,53.039
"416","1",-0.557,52.611,0.743,52.611
"418","1",-2.728,54.415,-1.428,54.415
"424","1",-3.608,52.933,-2.308,52.933
"426","1",-1.640,54.035,-0.340,54.035
"428","1",0.316,52.193,1.616,52.193
"430","1",-2.312,51.726,-1.012,51.726
"433","1",-2.537,50.993,-1.237,50.993
"435","1",-1.209,53.012,0.091,53.012
"436","1",-3.296,55.267,-1.996,55.267
"440","1",-3.925,55.450,-2.625,55.450
"441","1",-1.886,51.021,-0.586,51.021
"442","1",0.371,52.422,1.671,52.422
"448","1",-3.233,52.981,-1.933,52.981
"449","1",-1.145,53.032,0.155,53.032
"459","1",-2.298,54.127,-0.998,54.127
"460","1",-3.146,52.100,-1.846,52.100
"462","1",-2.954,51.912,-1.654,51.912
"467","1",-3.453,55.218,-2.153,55.218
"469","1",-3.564,51.957,-2.264,51.957
"470","1",-3.099,52.866,-1.799,52.866
"471","1",-2.157,54.290,-0.857,54.290
"472","1",-2.686,52.900,-1.386,52.900
"473","1",-3.165,52.708,-1.865,52.708
"475","1",-1.497,52.686,-0.197,52.686
"477","1",-3.847,56.818,-2.547,56.818
"483","1",-3.112,54.551,-1.812,54.551
"485","1",-2.536,54.624,-1.236,54.624
"486","1",-1.910,51.972,-0.610,51.972
"488","1",-1.986,51.778,-0.686,51.778
"493","1",-1.273,52.495,0.027,52.495
"499","1",-3.761,57.213,-2.461,57.213
"500","1",-4.588,56.340,-3.288,56.340
"502","1",-2.015,51.703,-0.715,51.703
"504","1",-3.593,57.379,-2.293,57.379
"509","1",-4.704,55.127,-3.404,55.127
"511","1",-3.676,52.366,-2.376,52.366
"514","1",-2.444,51.343,-1.144,51.343
"515","1",-2.674,50.795,-1.374,50.795
"516","1",-1.877,53.926,-0.577,53.926
"519","1",-4.261,50.733,-2.961,50.733
"521","1",-2.513,52.908,-1.213,52.908
"522","1",-2.528,52.678,-1.228,52.678
"523","1",-3.350,55.436,-2.050,55.436
"524","1",-3.416,54.538,-2.116,54.538
"525","1",-0.230,52.042,1.070,52.042
"526","1",-0.872,52.659,0.428,52.659
"533","1",-4.901,56.965,-3.601,56.965
"534","1",-4.362,52.948,-3.062,52.948
"537","1",-4.144,57.344,-2.844,57.344
"538","1",-2.390,54.399,-1.090,54.399
"548","1",-1.637,52.002,-0.337,52.002
"549","1",-2.868,52.174,-1.568,52.174
"554","1",-4.432,56.439,-3.132,56.439
"555","1",-1.697,52.230,-0.397,52.230
"556","1",-3.631,50.734,-2.331,50.734
"568","1",-0.040,52.289,1.260,52.289
"571","1",-3.348,52.144,-2.048,52.144
"573","1",-4.623,56.319,-3.323,56.319
"574","1",-1.495,51.739,-0.195,51.739
"577","1",-4.063,52.093,-2.763,52.093
"580","1",-3.923,52.879,-2.623,52.879
"581","1",-3.802,56.795,-2.502,56.795
"582","1",-4.298,55.339,-2.998,55.339
"585","1",-3.510,55.338,-2.210,55.338
"590","1",-3.320,54.709,-2.020,54.709
"593","1",0.096,52.408,1.396,52.408
"595","1",-3.107,54.765,-1.807,54.765
"599","1",-3.355,54.762,-2.055,54.762
"601","1",-2.072,53.573,-0.772,53.573
"602","1",-2.607,54.073,-1.307,54.073
"604","1",-4.046,52.266,-2.746,52.266
"608","1",-1.783,51.300,-0.483,51.300
"609","1",-0.256,52.782,1.044,52.782
"611","1",-2.760,52.064,-1.460,52.064
"612","1",-2.450,52.878,-1.150,52.878
"614","1",-4.004,57.430,-2.704,57.430
"615","1",-4.381,56.782,-3.081,56.782
"616","1",-2.166,51.440,-0.866,51.440
"618","1",-4.677,55.556,-3.377,55.556
"619","1",-2.756,51.025,-1.456,51.025
"622","1",-4.621,56.431,-3.321,56.431
"625","1",-1.123,52.308,0.177,52.308
"626","1",-2.597,54.263,-1.297,54.263
"628","1",-0.482,52.541,0.818,52.541
"633","1",-3.681,55.615,-2.381,55.615
"635","1",-4.212,52.056,-2.912,52.056
"636","1",-0.995,53.209,0.305,53.209
"637","1",-2.203,52.756,-0.903,52.756
"641","1",-1.812,51.672,-0.512,51.672
"642","1",-2.727,54.488,-1.427,54.488
"643","1",-2.056,51.465,-0.756,51.465
"648","1",-3.999,57.245,-2.699,57.245
"652","1",-2.052,54.187,-0.752,54.187
"653","1",-0.279,52.177,1.021,52.177
"655","1",-3.887,55.329,-2.587,55.329
"656","1",-2.357,51.578,-1.057,51.578
"659","1",-1.321,51.155,-0.021,51.155
"660","1",-4.405,51.928,-3.105,51.928
"661","1",-4.047,56.601,-2.747,56.601
"666","1",-0.328,51.979,0.972,51.979
"669","1",-4.332,50.847,-3.032,50.847
"675","1",-2.859,54.643,-1.559,54.643
"678","1",-3.860,55.762,-2.560,55.762
"681","1",-3.164,50.929,-1.864,50.929
"694","1",-2.917,52.727,-1.617,52.727
"696","1",-3.450,54.509,-2.150,54.509
"697","1",-0.980,52.692,0.320,52.692
"698","1",-3.224,51.039,-1.924,51.039
"699","1",-1.780,54.309,-0.480,54.309
"700","1",-4.181,53.102,-2.881,53.102
"702","1",-0.454,52.374,0.846,52.374
"705","1",-4.018,57.054,-2.718,57.054
"706","1",-3.192,55.617,-1.892,55.617
"709","1",-1.738,51.223,-0.438,51.223
"716","1",-3.631,55.860,-2.331,55.860
"719","1",-3.267,52.870,-1.967,52.870
"721","1",-0.406,52.531,0.894,52.531
"723","1",-1.272,53.396,0.028,53.396
"733","1",-3.875,51.113,-2.575,51.113
"744","1",-1.667,53.198,-0.367,53.198
"745","1",-3.693,57.451,-2.393,57.451
"746","1",-3.220,54.635,-1.920,54.635
"747","1",-4.161,57.299,-2.861,57.299
"748","1",-0.210,51.215,1.090,51.215
"750","1",-2.733,52.045,-1.433,52.045
"754","1",-1.581,53.575,-0.281,53.575
"756","1",-3.565,52.323,-2.265,52.323
"757","1",-3.401,52.805,-2.101,52.805
"758","1",0.011,52.319,1.311,52.319
"759","1",-3.783,55.528,-2.483,55.528
"760","1",-0.327,52.071,0.973,52.071
"764","1",-0.804,52.662,0.496,52.662
"765","1",-1.196,51.796,0.104,51.796
"772","1",-2.237,52.798,-0.937,52.798
"773","1",-2.451,53.291,-1.151,53.291
"774","1",-1.907,51.432,-0.607,51.432
"776","1",-3.599,51.967,-2.299,51.967
"777","1",-3.233,57.641,-1.933,57.641
"778","1",-4.859,55.183,-3.559,55.183
"780","1",-3.884,51.990,-2.584,51.990
"789","1",-0.015,52.536,1.285,52.536
"790","1",-2.713,52.026,-1.413,52.026
"791","1",-1.812,52.388,-0.512,52.388
"794","1",-3.484,54.685,-2.184,54.685
"797","1",-4.017,56.924,-2.717,56.924
"803","1",-3.536,55.409,-2.236,55.409
"811","1",-2.079,53.952,-0.779,53.952
"814","1",-0.155,52.498,1.145,52.498
"817","1",-4.082,52.876,-2.782,52.876
"820","1",-3.908,50.824,-2.608,50.824
"825","1",-0.183,52.388,1.117,52.388
"830","1",-2.417,53.661,-1.117,53.661
"831","1",-2.671,51.905,-1.371,51.905
"832","1",-3.239,54.434,-1.939,54.434
"836","1",-3.105,54.311,-1.805,54.311
"837","1",-0.299,52.619,1.001,52.619
"838","1",-2.474,52.819,-1.174,52.819
"840","1",-3.020,50.974,-1.720,50.974
"842","1",-3.264,55.088,-1.964,55.088
"843","1",-2.463,54.420,-1.163,54.420
"849","1",-4.701,55.371,-3.401,55.371
"851","1",0.167,52.788,1.467,52.788
"852","1",-2.556,52.117,-1.256,52.117
"856","1",-2.352,52.807,-1.052,52.807
"857","1",-3.483,57.114,-2.183,57.114
"860","1",-3.962,52.033,-2.662,52.033
"861","1",-3.278,55.288,-1.978,55.288
"864","1",-0.925,50.890,0.375,50.890
"868","1",-0.445,52.724,0.855,52.724
"875","1",-2.913,54.421,-1.613,54.421
"878","1",-1.872,51.989,-0.572,51.989
"883","1",-1.921,50.904,-0.621,50.904
"884","1",-1.926,51.141,-0.626,51.141
"885","1",-1.336,53.150,-0.036,53.150
"889","1",-1.669,53.604,-0.369,53.604
"890","1",-1.544,51.080,-0.244,51.080
"892","1",-2.213,51.696,-0.913,51.696
"893","1",-1.992,53.386,-0.692,53.386
"894","1",-3.424,55.859,-2.124,55.859
"897","1",-4.588,50.694,-3.288,50.694
"898","1",-1.439,52.844,-0.139,52.844
"899","1",-3.259,50.798,-1.959,50.798
"900","1",-3.816,57.035,-2.516,57.035
"905","1",-2.331,52.788,-1.031,52.788
"908","1",-3.965,55.603,-2.665,55.603
"909","1",-3.450,52.711,-2.150,52.711
"912","1",-3.082,50.743,-1.782,50.743
"913","1",-3.168,55.590,-1.868,55.590
"921","1",-4.211,56.920,-2.911,56.920
"922","1",-2.203,54.290,-0.903,54.290
"924","1",-1.654,53.131,-0.354,53.131
"926","1",-1.722,51.920,-0.422,51.920
"927","1",-1.929,54.028,-0.629,54.028
"929","1",-0.916,52.098,0.384,52.098
"931","1",-3.296,50.840,-1.996,50.840
"940","1",-3.710,55.526,-2.410,55.526
"944","1",-3.000,54.445,-1.700,54.445
"945","1",-1.606,52.549,-0.306,52.549
"949","1",-4.633,50.703,-3.333,50.703
"950","1",-4.445,50.853,-3.145,50.853
"951","1",-3.960,56.798,-2.660,56.798
"954","1",-4.112,53.163,-2.812,53.163
"956","1",-4.096,53.060,-2.796,53.060
"957","1",-4.526,56.620,-3.226,56.620
"962","1",-3.714,52.785,-2.414,52.785
"973","1",-1.057,52.736,0.243,52.736
"974","1",-3.381,50.793,-2.081,50.793
"975","1",-3.829,55.911,-2.529,55.911
"976","1",-2.667,52.800,-1.367,52.800
"977","1",-3.765,55.250,-2.465,55.250
"978","1",-0.196,52.205,1.104,52.205
"979","1",-2.997,53.080,-1.697,53.080
"985","1",-1.913,53.026,-0.613,53.026
"986","1",-2.940,55.391,-1.640,55.391
"987","1",-2.725,51.239,-1.425,51.239
"988","1",-3.047,55.413,-1.747,55.413
"990","1",-4.005,53.087,-2.705,53.087
"992","1",-2.148,51.200,-0.848,51.200
"996","1",-1.860,52.799,-0.560,52.799
"1001","1",-3.931,52.287,-2.631,52.287
"1002","1",-2.658,53.615,-1.358,53.615
"1012","1",-3.922,57.297,-2.622,57.297
"1014","1",-3.072,52.911,-1.772,52.911
"1015","1",-0.536,51.060,0.764,51.060
"1016","1",-0.633,52.174,0.667,52.174
"1017","1",-4.792,57.075,-3.492,57.075
"1019","1",-1.015,52.771,0.285,52.771
"1029","1",-4.133,55.528,-2.833,55.528
"1030","1",-3.778,51.012,-2.478,51.012
"1032","1",-2.440,54.141,-1.140,54.141
"1036","1",-2.938,51.199,-1.638,51.199
"1038","1",-2.853,52.258,-1.553,52.258
"1040","1",-4.691,55.215,-3.391,55.215
"1043","1",-2.492,54.412,-1.192,54.412
"1044","1",-4.036,55.132,-2.736,55.132
"1047","1",-0.805,50.879,0.495,50.879
"1049","1",-3.504,56.977,-2.204,56.977
"1051","1",-1.781,53.668,-0.481,53.668
"1053","1",-4.417,55.228,-3.117,55.228
"1055","1",-1.596,51.222,-0.296,51.222
"1065","1",-4.088,51.925,-2.788,51.925
"1076","1",-4.216,52.041,-2.916,52.041
"1078","1",-3.343,57.557,-2.043,57.557
"1079","1",-2.319,52.025,-1.019,52.025
"1082","1",-3.444,55.050,-2.144,55.050
"1083","1",-2.415,50.984,-1.115,50.984
"1086","1",-2.299,51.633,-0.999,51.633
"1089","1",-4.028,50.848,-2.728,50.848
"1090","1",-4.059,57.078,-2.759,57.078
"1091","1",-2.691,51.321,-1.391,51.321
"1093","1",-1.799,52.070,-0.499,52.070
"1094","1",-3.603,50.878,-2.303,50.878
"1095","1",-3.133,52.660,-1.833,52.660
"1096","1",-4.093,51.018,-2.793,51.018
"1097","1",-2.183,53.927,-0.883,53.927
"1099","1",-0.089,52.511,1.211,52.511
"1101","1",-2.599,50.852,-1.299,50.852
"1102","1",-2.057,52.808,-0.757,52.808
"1103","1",-2.443,51.934,-1.143,51.934
"1107","1",-4.659,56.461,-3.359,56.461
"1110","1",-2.185,52.279,-0.885,52.279
"1112","1",-2.439,50.999,-1.139,50.999
"1114","1",-3.345,52.344,-2.045,52.344
"1116","1",-0.577,50.936,0.723,50.936
"1122","1",-2.050,51.744,-0.750,51.744
"1125","1",-2.669,51.947,-1.369,51.947
"1127","1",-2.555,54.607,-1.255,54.607
"1130","1",-0.723,52.506,0.577,52.506
"1131","1",-2.721,54.822,-1.421,54.822
"1133","1",-3.678,52.147,-2.378,52.147
"1134","1",-3.983,53.143,-2.683,53.143
"1139","1",-3.326,52.647,-2.026,52.647
"1142","1",-1.332,52.824,-0.032,52.824
"1143","1",-2.063,53.333,-0.763,53.333
"1144","1",-1.741,51.704,-0.441,51.704
"1146","1",-2.237,53.570,-0.937,53.570
"1151","1",-3.332,57.644,-2.032,57.644
"1156","1",-2.464,54.110,-1.164,54.110
"1159","1",-3.544,55.492,-2.244,55.492
"1163","1",-3.047,54.367,-1.747,54.367
"1165","1",-2.664,54.100,-1.364,54.100
"1166","1",-2.029,54.084,-0.729,54.084
"1169","1",-1.003,53.170,0.297,53.170
"1170","1",-3.017,54.292,-1.717,54.292
"1173","1",-3.724,53.146,-2.424,53.146
"1175","1",-3.825,55.121,-2.525,55.121
"1183","1",-1.919,50.975,-0.619,50.975
"1186","1",-2.757,53.159,-1.457,53.159
"1187","1",-3.727,53.045,-2.427,53.045
"1189","1",-3.353,54.536,-2.053,54.536
"1194","1",-4.827,57.021,-3.527,57.021
"1197","1",-1.812,52.119,-0.512,52.119
"1200","1",-3.004,55.107,-1.704,55.107
"1202","1",-2.115,54.333,-0.815,54.333
"1207","1",-1.716,50.979,-0.416,50.979
"1208","1",-1.351,52.232,-0.051,52.232
"1210","1",-3.995,52.033,-2.695,52.033
"1213","1",-2.979,53.172,-1.679,53.172
"1215","1",-1.380,51.009,-0.080,51.009
"1217","1",-1.096,51.218,0.204,51.218
"1220","1",-1.388,52.251,-0.088,52.251
"1223","1",-0.270,52.725,1.030,52.725
"1225","1",-2.966,52.958,-1.666,52.958
"1229","1",-3.552,52.251,-2.252,52.251
"1230","1",-2.458,53.994,-1.158,53.994
"1231","1",-3.794,52.072,-2.494,52.072
"1232","1",-3.519,55.658,-2.219,55.658
"1236","1",-3.951,55.608,-2.651,55.608
"1238","1",-3.968,57.366,-2.668,57.366
"1240","1",-1.872,52.016,-0.572,52.016
"1241","1",-3.336,50.840,-2.036,50.840
"1242","1",-1.614,50.851,-0.314,50.851
"1249","1",-0.838,51.173,0.462,51.173
"1250","1",-3.791,51.966,-2.491,51.966
"1252","1",-2.981,55.275,-1.681,55.275
"1254","1",-3.969,51.067,-2.669,51.067
"1255","1",-2.106,52.164,-0.806,52.164
"1256","1",-3.522,55.097,-2.222,55.097
"1257","1",-3.852,53.104,-2.552,53.104
"1258","1",-1.589,51.968,-0.289,51.968
"1261","1",-2.264,52.885,-0.964,52.885
"1262","1",-0.353,52.468,0.947,52.468
"1263","1",-4.415,56.957,-3.115,56.957
"1264","1",-3.268,53.064,-1.968,53.064
"1267","1",-2.445,53.258,-1.145,53.258
"1269","1",-3.607,55.274,-2.307,55.274
"1271","1",-0.483,51.982,0.817,51.982
"1275","1",-0.459,52.404,0.841,52.404
"1276","1",-2.932,54.298,-1.632,54.298
"1278","1",-0.923,52.063,0.377,52.063
"1279","1",-1.804,53.571,-0.504,53.571
"1280","1",-2.319,51.447,-1.019,51.447
"1287","1",-2.759,51.899,-1.459,51.899
"1288","1",-3.252,57.424,-1.952,57.424
"1290","1",-3.749,55.828,-2.449,55.828
"1292","1",-2.104,51.906,-0.804,51.906
"1293","1",-3.071,50.783,-1.771,50.783
"1296","1",-4.183,55.196,-2.883,55.196
"1297","1",-5.007,55.039,-3.707,55.039
"1298","1",-1.384,51.031,-0.084,51.031
"1300","1",-2.163,53.136,-0.863,53.136
"1301","1",-3.380,52.060,-2.080,52.060
"1307","1",-1.603,51.924,-0.303,51.924
"1314","1",-3.795,51.008,-2.495,51.008
"1317","1",-3.748,52.613,-2.448,52.613
"1320","1",-3.854,55.647,-2.554,55.647
"1321","1",-2.263,53.587,-0.963,53.587
"1332","1",-3.824,52.415,-2.524,52.415
"1334","1",-4.053,52.985,-2.753,52.985
"1335","1",-1.990,50.907,-0.690,50.907
"1339","1",-3.494,55.775,-2.194,55.775
"1342","1",-0.565,52.726,0.735,52.726
"1345","1",-1.618,51.936,-0.318,51.936
"1347","1",-1.753,51.938,-0.453,51.938
"1351","1",-0.771,51.958,0.529,51.958
"1354","1",-1.118,51.949,0.182,51.949
"1361","1",-4.039,52.137,-2.739,52.137
"1362","1",-2.745,54.671,-1.445,54.671
"1365","1",-4.335,53.042,-3.035,53.042
"1366","1",-1.708,54.039,-0.408,54.039
"1367","1",-2.352,52.198,-1.052,52.198
"1369","1",-3.616,50.802,-2.316,50.802
"1373","1",-4.478,55.196,-3.178,55.196
"1374","1",-3.640,53.105,-2.340,53.105
"1375","1",-3.397,52.368,-2.097,52.368
"1377","1",-1.989,51.624,-0.689,51.624
"1378","1",-2.771,52.274,-1.471,52.274
"1379","1",-1.107,52.438,0.193,52.438
"1384","1",-1.368,51.024,-0.068,51.024
"1386","1",-2.565,52.658,-1.265,52.658
"1398","1",-4.041,52.548,-2.741,52.548
"1399","1",-3.568,52.538,-2.268,52.538
"1400","1",-3.051,51.018,-1.751,51.018
"1401","1",-0.523,51.860,0.777,51.860
"1404","1",-1.671,54.078,-0.371,54.078
"1406","1",-2.990,52.675,-1.690,52.675
"1408","1",-2.351,54.369,-1.051,54.369
"1411","1",-4.333,57.107,-3.033,57.107
"1413","1",-1.670,54.068,-0.370,54.068
"1414","1",-4.788,55.678,-3.488,55.678
"1418","1",-4.183,55.635,-2.883,55.635
"1419","1",-2.926,51.016,-1.626,51.016
"1421","1",-3.620,50.784,-2.320,50.784
"1422","1",-1.279,52.222,0.021,52.222
"1425","1",0.202,52.232,1.502,52.232
"1426","1",-2.944,55.109,-1.644,55.109
"1427","1",-2.749,52.684,-1.449,52.684
"1430","1",-2.359,50.979,-1.059,50.979
"1432","1",-3.028,55.054,-1.728,55.054
"1437","1",-2.549,53.110,-1.249,53.110
"1438","1",-0.415,52.547,0.885,52.547
"1439","1",-1.610,52.277,-0.310,52.277
"1440","1",-3.433,52.075,-2.133,52.075
"1452","1",-2.949,54.672,-1.649,54.672
"1453","1",-0.915,52.010,0.385,52.010
"1461","1",-4.544,56.650,-3.244,56.650
"1464","1",-1.113,52.183,0.187,52.183
"1466","1",-3.230,52.906,-1.930,52.906
"1469","1",-0.340,52.738,0.960,52.738
"1470","1",-2.853,54.278,-1.553,54.278
"1474","1",-3.038,52.686,-1.738,52.686
"1489","1",-1.121,50.975,0.179,50.975
"1490","1",-2.942,52.094,-1.642,52.094
"1491","1",-1.608,50.943,-0.308,50.943
"1494","1",-3.021,55.496,-1.721,55.496
"1495","1",-4.021,55.506,-2.721,55.506
"1496","1",-1.804,53.473,-0.504,53.473
"1497","1",-1.941,52.281,-0.641,52.281
"1502","1",-1.099,52.300,0.201,52.300
"1504","1",0.324,52.367,1.624,52.367
"1506","1",-0.597,52.482,0.703,52.482
"1508","1",-3.261,51.163,-1.961,51.163
"1510","1",-3.032,53.248,-1.732,53.248
"1511","1",-3.430,52.279,-2.130,52.279
"1512","1",-1.722,51.018,-0.422,51.018
"1515","1",-4.511,50.823,-3.211,50.823
"1522","1",-1.428,52.169,-0.128,52.169
"1526","1",-3.980,56.973,-2.680,56.973
"1528","1",-2.841,52.183,-1.541,52.183
"1535","1",-0.795,52.000,0.505,52.000
"1541","1",-2.831,54.037,-1.531,54.037
"1542","1",-2.804,51.966,-1.504,51.966
"1543","1",-3.745,57.546,-2.445,57.546
"1548","1",-3.809,57.117,-2.509,57.117
"1551","1",-3.062,50.845,-1.762,50.845
"1555","1",0.160,52.578,1.460,52.578
"1558","1",-0.570,52.437,0.730,52.437
"1563","1",-4.627,55.486,-3.327,55.486
"1566","1",-1.987,52.099,-0.687,52.099
"1567","1",-2.731,54.889,-1.431,54.889
"1572","1",-0.817,52.287,0.483,52.287
"1574","1",-4.454,56.995,-3.154,56.995
"1577","1",-2.767,54.072,-1.467,54.072
"1579","1",-0.569,51.945,0.731,51.945
"1580","1",-3.641,52.373,-2.341,52.373
"1582","1",-2.566,52.263,-1.266,52.263
"1583","1",-2.115,52.790,-0.815,52.790
"1588","1",-2.133,53.056,-0.833,53.056
"1589","1",-2.870,50.856,-1.570,50.856
"1593","1",0.278,52.782,1.578,52.782
"1597","1",-1.834,52.096,-0.534,52.096
"1599","1",-4.089,57.088,-2.789,57.088
"1600","1",-2.672,54.449,-1.372,54.449
"1607","1",-1.673,52.285,-0.373,52.285
"1611","1",-3.712,55.703,-2.412,55.703
"1619","1",-1.728,54.018,-0.428,54.018
"1620","1",-3.754,57.138,-2.454,57.138
"1623","1",-0.910,51.787,0.390,51.787
"1624","1",-1.327,52.783,-0.027,52.783
"1625","1",-4.172,57.374,-2.872,57.374
"1628","1",-2.178,51.663,-0.878,51.663
"1632","1",-0.694,51.861,0.606,51.861
"1635","1",0.072,52.489,1.372,52.489
"1637","1",-4.467,55.690,-3.167,55.690
"1639","1",-1.747,52.298,-0.447,52.298
"1640","1",-4.640,56.268,-3.340,56.268
"1642","1",0.163,52.268,1.463,52.268
"1643","1",-1.471,52.766,-0.171,52.766
"1649","1",-1.587,50.980,-0.287,50.980
"1654","1",-4.574,57.060,-3.274,57.060
"1656","1",-4.050,50.987,-2.750,50.987
"1659","1",-2.067,50.930,-0.767,50.930
"1665","1",-3.011,50.753,-1.711,50.753
"1666","1",-3.165,50.832,-1.865,50.832
"1667","1",-2.349,51.454,-1.049,51.454
"1668","1",-3.457,50.784,-2.157,50.784
"1669","1",-3.931,56.898,-2.631,56.898
"1675","1",-3.125,55.282,-1.825,55.282
"1676","1",-2.617,52.978,-1.317,52.978
"1678","1",-4.381,56.282,-3.081,56.282
"1682","1",-3.811,52.539,-2.511,52.539
"1684","1",-2.530,52.304,-1.230,52.304
"1686","1",-3.653,55.609,-2.353,55.609
"1689","1",-4.167,56.888,-2.867,56.888
"1692","1",-3.407,52.674,-2.107,52.674
"1695","1",-2.438,52.747,-1.138,52.747
"1696","1",-3.451,52.412,-2.151,52.412
"1698","1",-3.638,52.279,-2.338,52.279
"1699","1",-4.349,55.219,-3.049,55.219
"1700","1",0.067,52.155,1.367,52.155
"1701","1",-1.352,52.512,-0.052,52.512
"1707","1",-1.308,53.266,-0.008,53.266
"1708","1",-2.148,51.627,-0.848,51.627
"1711","1",-5.022,55.026,-3.722,55.026
"1712","1",-1.866,53.584,-0.566,53.584
"1716","1",-1.982,52.147,-0.682,52.147
"1718","1",-3.002,50.953,-1.702,50.953
"1719","1",-0.528,51.138,0.772,51.138
"1724","1",-2.795,53.018,-1.495,53.018
"1726","1",-2.344,52.175,-1.044,52.175
"1732","1",-3.969,50.792,-2.669,50.792
"1734","1",-3.684,52.220,-2.384,52.220
"1737","1",-3.301,55.430,-2.001,55.430
"1739","1",-3.009,53.242,-1.709,53.242
"1740","1",-4.978,55.073,-3.678,55.073
"1746","1",-2.369,53.309,-1.069,53.309
"1747","1",-2.457,50.817,-1.157,50.817
"1749","1",-3.809,53.154,-2.509,53.154
"1750","1",-2.436,51.006,-1.136,51.006
"1754","1",-0.344,52.517,0.956,52.517
"1755","1",-1.139,52.088,0.161,52.088
"1758","1",-4.255,51.899,-2.955,51.899
"1760","1",-3.982,57.423,-2.682,57.423
"1762","1",-4.357,50.894,-3.057,50.894
"1765","1",-1.139,51.173,0.161,51.173
"1766","1",-3.175,54.739,-1.875,54.739
"1768","1",-0.127,52.333,1.173,52.333
"1769","1",-4.254,52.986,-2.954,52.986
"1770","1",-0.913,52.012,0.387,52.012
"1772","1",-2.979,51.965,-1.679,51.965
"1773","1",-0.581,52.073,0.719,52.073
"1776","1",-0.996,52.064,0.304,52.064
"1779","1",-1.617,50.928,-0.317,50.928
"1782","1",-3.044,52.003,-1.744,52.003
"1783","1",-0.944,52.559,0.356,52.559
"1788","1",-3.126,52.200,-1.826,52.200
"1789","1",-4.150,53.144,-2.850,53.144
"1793","1",-1.678,52.842,-0.378,52.842
"1794","1",-1.865,53.074,-0.565,53.074
"1795","1",-1.653,51.890,-0.353,51.890
"1797","1",-3.809,56.974,-2.509,56.974
"1800","1",-1.214,51.830,0.086,51.830
"1801","1",-4.097,55.578,-2.797,55.578
"1803","1",-2.276,51.170,-0.976,51.170
"1805","1",-3.855,56.959,-2.555,56.959
"1808","1",-3.088,52.647,-1.788,52.647
"1809","1",-3.283,54.405,-1.983,54.405
"1811","1",-3.763,55.756,-2.463,55.756
"1812","1",-4.418,50.808,-3.118,50.808
"1814","1",-1.745,52.001,-0.445,52.001
"1815","1",-0.572,52.540,0.728,52.540
"1823","1",-4.035,53.009,-2.735,53.009
"1825","1",-4.760,55.619,-3.460,55.619
"1828","1",-3.885,51.995,-2.585,51.995
"1833","1",-4.480,57.021,-3.180,57.021
"1836","1",-0.965,52.274,0.335,52.274
"1847","1",-2.006,52.283,-0.706,52.283
"1849","1",-2.567,50.862,-1.267,50.862
"1850","1",-3.849,52.285,-2.549,52.285
"1853","1",-2.961,51.279,-1.661,51.279
"1857","1",-3.377,52.894,-2.077,52.894
"1858","1",-3.161,52.120,-1.861,52.120
"1861","1",-0.783,52.739,0.517,52.739
"1862","1",-3.856,57.168,-2.556,57.168
"1865","1",0.183,52.099,1.483,52.099
"1869","1",-2.392,51.930,-1.092,51.930
"1870","1",-4.093,57.532,-2.793,57.532
"1875","1",-2.614,54.460,-1.314,54.460
"1877","1",-1.301,53.103,-0.001,53.103
"1879","1",-1.913,53.113,-0.613,53.113
"1880","1",-3.612,55.350,-2.312,55.350
"1881","1",-3.054,53.067,-1.754,53.067
"1885","1",-2.609,54.483,-1.309,54.483
"1886","1",-2.625,52.056,-1.325,52.056
"1887","1",-3.373,54.525,-2.073,54.525
"1889","1",-3.576,51.046,-2.276,51.046
"1895","1",-3.934,57.251,-2.634,57.251
"1897","1",-0.576,51.108,0.724,51.108
"1904","1",-4.157,53.052,-2.857,53.052
"1906","1",-2.400,53.575,-1.100,53.575
"1908","1",-3.752,52.008,-2.452,52.008
"1915","1",-0.845,52.042,0.455,52.042
"1920","1",-4.196,55.502,-2.896,55.502
"1924","1",-1.111,51.824,0.189,51.824
"1929","1",-4.318,57.251,-3.018,57.251
"1935","1",-3.227,50.951,-1.927,50.951
"1936","1",-3.682,57.325,-2.382,57.325
"1939","1",-3.040,53.040,-1.740,53.040
"1944","1",-1.617,53.608,-0.317,53.608
"1945","1",-3.851,56.600,-2.551,56.600
"1949","1",-3.653,52.412,-2.353,52.412
"1951","1",-1.945,51.189,-0.645,51.189
"1953","1",-3.671,52.386,-2.371,52.386
"1954","1",-2.588,51.578,-1.288,51.578
"1955","1",-5.002,55.033,-3.702,55.033
"1956","1",-3.106,55.490,-1.806,55.490
"1957","1",-3.371,55.095,-2.071,55.095
"1958","1",-0.775,52.651,0.525,52.651
"1960","1",-3.128,53.000,-1.828,53.000
"1963","1",-1.073,51.194,0.227,51.194
"1964","1",-1.315,53.103,-0.015,53.103
"1966","1",-3.193,52.251,-1.893,52.251
"1967","1",-0.568,52.492,0.732,52.492
"1969","1",-3.186,50.943,-1.886,50.943
"1971","1",-3.263,55.242,-1.963,55.242
"1973","1",-2.002,53.938,-0.702,53.938
"1976","1",-3.089,54.381,-1.789,54.381
"1977","1",-1.464,53.069,-0.164,53.069
"1979","1",-1.743,52.113,-0.443,52.113
"1980","1",-3.856,52.593,-2.556,52.593
"1981","1",-3.511,52.716,-2.211,52.716
"1984","1",-1.538,50.823,-0.238,50.823
"1986","1",-1.697,51.223,-0.397,51.223
"1988","1",-4.001,52.226,-2.701,52.226
"1989","1",-3.524,52.564,-2.224,52.564
"1992","1",-2.745,53.076,-1.445,53.076
"1993","1",-4.124,56.595,-2.824,56.595
"1995","1",-0.582,52.549,0.718,52.549
"1996","1",-1.666,53.984,-0.366,53.984
"1997","1",-1.701,54.067,-0.401,54.067
"2001","1",-3.276,54.429,-1.976,54.429
"2002","1",-3.938,52.948,-2.638,52.948
"2006","1",-0.925,50.923,0.375,50.923
"2007","1",-0.177,52.428,1.123,52.428
"2011","1",-0.887,52.360,0.413,52.360
"2013","1",-3.627,55.556,-2.327,55.556
"2014","1",-2.274,50.986,-0.974,50.986
"2015","1",-3.951,51.977,-2.651,51.977
"2017","1",-3.134,51.190,-1.834,51.190
"2019","1",-0.485,52.611,0.815,52.611
"2020","1",-3.866,50.828,-2.566,50.828
"2021","1",-1.048,53.204,0.252,53.204
"2022","1",-3.280,52.687,-1.980,52.687
"2023","1",-0.541,52.118,0.759,52.118
"2024","1",-1.788,50.923,-0.488,50.923
"2026","1",-3.990,55.260,-2.690,55.260
"2030","1",-3.947,52.011,-2.647,52.011
"2036","1",-4.215,57.403,-2.915,57.403
"2038","1",-2.141,51.183,-0.841,51.183
"2043","1",-2.272,54.479,-0.972,54.479
"2051","1",-2.406,53.991,-1.106,53.991
"2052","1",-3.782,55.175,-2.482,55.175
"2054","1",-3.886,55.409,-2.586,55.409
"2060","1",-3.653,50.741,-2.353,50.741
"2061","1",-2.645,52.290,-1.345,52.290
"2065","1",-3.949,52.780,-2.649,52.780
"2066","1",-3.553,51.086,-2.253,51.086
"2072","1",-3.574,52.496,-2.274,52.496
"2075","1",-2.445,51.202,-1.145,51.202
"2076","1",-1.481,53.236,-0.181,53.236
"2080","1",-1.271,51.092,0.029,51.092
"2081","1",-1.612,51.897,-0.312,51.897
"2083","1",-1.302,53.086,-0.002,53.086
"2088","1",-2.349,53.893,-1.049,53.893
"2090","1",-1.880,52.739,-0.580,52.739
"2091","1",-0.740,52.028,0.560,52.028
"2092","1",-3.894,52.210,-2.594,52.210
"2093","1",-1.865,50.919,-0.565,50.919
"2098","1",-3.485,52.063,-2.185,52.063
"2099","1",-3.117,51.165,-1.817,51.165
"2102","1",-2.396,54.034,-1.096,54.034
"2103","1",-1.611,54.144,-0.311,54.144
"2104","1",-2.889,55.221,-1.589,55.221
"2107","1",-2.929,52.911,-1.629,52.911
"2110","1",-4.051,56.283,-2.751,56.283
"2111","1",-2.731,50.796,-1.431,50.796
"2112","1",-1.695,52.567,-0.395,52.567
"2113","1",-3.797,57.581,-2.497,57.581
"2126","1",-4.111,50.931,-2.811,50.931
"2130","1",-3.505,51.146,-2.205,51.146
"2133","1",-2.538,54.230,-1.238,54.230
"2135","1",-3.415,52.855,-2.115,52.855
"2141","1",-0.363,51.233,0.937,51.233
"2142","1",-1.846,50.862,-0.546,50.862
"2147","1",-3.868,55.770,-2.568,55.770
"2148","1",-2.651,54.631,-1.351,54.631
"2152","1",-4.308,53.128,-3.008,53.128
"2156","1",-4.343,55.219,-3.043,55.219
"2157","1",-1.635,53.477,-0.335,53.477
"2158","1",-3.040,54.319,-1.740,54.319
"2162","1",-2.827,54.420,-1.527,54.420
"2164","1",-2.199,51.309,-0.899,51.309
"2168","1",-1.316,52.382,-0.016,52.382
"2169","1",-3.188,52.222,-1.888,52.222
"2172","1",-2.791,50.805,-1.491,50.805
"2173","1",-1.511,52.526,-0.211,52.526
"2177","1",-0.306,52.765,0.994,52.765
"2179","1",-4.093,52.827,-2.793,52.827
"2182","1",-1.345,53.028,-0.045,53.028
"2198","1",-2.501,53.667,-1.201,53.667
"2205","1",-4.023,51.165,-2.723,51.165
"2208","1",-3.394,53.056,-2.094,53.056
"2210","1",-1.182,52.542,0.118,52.542
"2212","1",-2.395,52.330,-1.095,52.330
"2215","1",-2.405,51.906,-1.105,51.906
"2216","1",-3.156,51.943,-1.856,51.943
"2218","1",-3.922,50.733,-2.622,50.733
"2221","1",-1.866,50.874,-0.566,50.874
"2223","1",-0.893,51.246,0.407,51.246
"2231","1",-0.563,51.064,0.737,51.064
"2239","1",-3.920,57.511,-2.620,57.511
"2240","1",-4.696,55.412,-3.396,55.412
"2242","1",-3.260,55.577,-1.960,55.577
"2244","1",-3.614,51.985,-2.314,51.985
"2248","1",-1.661,53.508,-0.361,53.508
"2252","1",-3.246,57.431,-1.946,57.431
"2254","1",-0.118,52.637,1.182,52.637
"2255","1",-0.215,52.052,1.085,52.052
"2259","1",-3.546,57.184,-2.246,57.184
"2260","1",-2.945,55.378,-1.645,55.378
"2265","1",-4.194,50.781,-2.894,50.781
"2267","1",-1.865,51.960,-0.565,51.960
"2270","1",-0.797,50.868,0.503,50.868
"2274","1",-3.354,55.391,-2.054,55.391
"2275","1",-3.731,51.014,-2.431,51.014
"2276","1",-3.077,52.255,-1.777,52.255
"2280","1",-0.779,52.247,0.521,52.247
"2283","1",-2.507,53.226,-1.207,53.226
"2284","1",-4.502,55.633,-3.202,55.633
"2286","1",-2.649,54.525,-1.349,54.525
"2288","1",-0.163,52.772,1.137,52.772
"2292","1",-2.646,50.818,-1.346,50.818
"2296","1",-1.499,50.998,-0.199,50.998
"2297","1",-0.555,51.946,0.745,51.946
"2298","1",-3.497,52.208,-2.197,52.208
"2299","1",-1.646,51.095,-0.346,51.095
"2305","1",-2.057,51.134,-0.757,51.134
"2310","1",-0.465,52.584,0.835,52.584
"2312","1",-4.286,50.821,-2.986,50.821
"2318","1",-3.256,54.558,-1.956,54.558
"2320","1",-3.627,50.832,-2.327,50.832
"2321","1",-3.021,54.346,-1.721,54.346
"2323","1",-3.588,57.584,-2.288,57.584
"2325","1",-3.730,56.794,-2.430,56.794
"2327","1",-1.270,52.326,0.030,52.326
"2329","1",-3.399,52.244,-2.099,52.244
"2330","1",-1.547,50.850,-0.247,50.850
"2332","1",-2.134,54.407,-0.834,54.407
"2333","1",-1.203,52.033,0.097,52.033
"2335","1",-1.828,51.210,-0.528,51.210
"2339","1",-1.505,53.546,-0.205,53.546
"2341","1",-1.721,53.925,-0.421,53.925
"2344","1",-3.403,52.883,-2.103,52.883
"2348","1",-2.860,51.174,-1.560,51.174
"2351","1",-3.384,52.323,-2.084,52.323
"2359","1",-0.425,52.451,0.875,52.451
"2362","1",-3.551,55.537,-2.251,55.537
"2364","1",-2.743,52.779,-1.443,52.779
"2365","1",-1.420,51.919,-0.120,51.919
"2366","1",-3.541,51.026,-2.241,51.026
"2367","1",-4.042,53.074,-2.742,53.074
"2369","1",-3.808,55.800,-2.508,55.800
"2372","1",-3.694,55.239,-2.394,55.239
"2374","1",-4.047,56.959,-2.747,56.959
"2378","1",-2.409,53.011,-1.109,53.011
"2379","1",-2.632,53.873,-1.332,53.873
"2380","1",-2.553,51.164,-1.253,51.164
"2382","1",-4.153,55.565,-2.853,55.565
"2383","1",-0.642,52.070,0.658,52.070
"2388","1",-4.858,57.157,-3.558,57.157
"2389","1",-4.673,56.448,-3.373,56.448
"2391","1",-3.976,50.986,-2.676,50.986
"2392","1",-1.101,51.174,0.199,51.174
"2395","1",-2.791,51.997,-1.491,51.997
"2396","1",-2.782,51.989,-1.482,51.989
"2404","1",-1.975,50.964,-0.675,50.964
"2405","1",-4.353,55.942,-3.053,55.942
"2406","1",-2.563,54.720,-1.263,54.720
"2407","1",-0.556,52.322,0.744,52.322
"2410","1",-1.738,52.072,-0.438,52.072
"2415","1",-3.807,52.472,-2.507,52.472
"2417","1",-0.474,52.729,0.826,52.729
"2418","1",-3.065,52.130,-1.765,52.130
"2424","1",-3.758,57.421,-2.458,57.421
"2431","1",-4.327,56.833,-3.027,56.833
"2432","1",-3.737,52.039,-2.437,52.039
"2433","1",-0.386,51.082,0.914,51.082
"2437","1",-0.906,51.874,0.394,51.874
"2444","1",-3.729,52.015,-2.429,52.015
"2445","1",-0.822,51.987,0.478,51.987
"2447","1",-3.666,52.091,-2.366,52.091
"2448","1",-1.181,52.055,0.119,52.055
"2450","1",-1.487,52.779,-0.187,52.779
"2452","1",-2.635,52.224,-1.335,52.224
"2453","1",-2.472,52.186,-1.172,52.186
"2457","1",-3.474,51.948,-2.174,51.948
"2459","1",-3.713,55.290,-2.413,55.290
"2460","1",-1.688,52.373,-0.388,52.373
"2462","1",-0.820,51.921,0.480,51.921
"2463","1",-3.764,52.490,-2.464,52.490
"2464","1",-2.485,54.618,-1.185,54.618
"2466","1",-4.363,56.776,-3.063,56.776
"2467","1",-3.472,52.153,-2.172,52.153
"2471","1",-2.150,53.911,-0.850,53.911
"2474","1",-3.872,55.732,-2.572,55.732
"2476","1",-2.112,51.370,-0.812,51.370
"2478","1",0.409,52.530,1.709,52.530
"2481","1",-2.621,53.936,-1.321,53.936
"2483","1",-3.335,55.165,-2.035,55.165
"2488","1",-3.122,50.756,-1.822,50.756
"2491","1",-1.044,52.271,0.256,52.271
"2492","1",-2.734,50.930,-1.434,50.930
"2495","1",-4.558,56.313,-3.258,56.313
"2499","1",-2.932,51.186,-1.632,51.186
"2501","1",-1.854,50.950,-0.554,50.950
"2506","1",-1.213,53.057,0.087,53.057
"2510","1",-1.275,53.518,0.025,53.518
"2511","1",-2.962,50.793,-1.662,50.793
"2512","1",-4.796,55.112,-3.496,55.112
"2513","1",-0.269,52.594,1.031,52.594
"2515","1",-1.027,52.329,0.273,52.329
"2518","1",-3.394,50.928,-2.094,50.928
"2522","1",-2.274,53.347,-0.974,53.347
"2523","1",-3.251,55.302,-1.951,55.302
"2528","1",-0.458,52.059,0.842,52.059
"2529","1",-2.276,50.957,-0.976,50.957
"2530","1",-2.577,54.138,-1.277,54.138
"2531","1",-3.487,50.996,-2.187,50.996
"2533","1",-4.166,55.597,-2.866,55.597
"2534","1",-3.059,54.694,-1.759,54.694
"2537","1",-1.597,53.980,-0.297,53.980
"2538","1",-2.964,51.927,-1.664,51.927
"2548","1",-1.873,52.822,-0.573,52.822
"2550","1",-2.592,53.360,-1.292,53.360
"2551","1",-1.176,52.237,0.124,52.237
"2553","1",-4.731,56.403,-3.431,56.403
"2555","1",-3.440,55.749,-2.140,55.749
"2556","1",-3.452,55.481,-2.152,55.481
"2558","1",-1.792,53.283,-0.492,53.283
"2560","1",0.304,52.477,1.604,52.477
"2561","1",-3.535,52.752,-2.235,52.752
"2567","1",-2.220,54.416,-0.920,54.416
"2571","1",-4.625,56.300,-3.325,56.300
"2575","1",-3.835,52.813,-2.535,52.813
"2578","1",-4.574,56.456,-3.274,56.456
"2581","1",-3.190,51.934,-1.890,51.934
"2583","1",-1.618,52.405,-0.318,52.405
"2584","1",-0.130,52.763,1.170,52.763
"2586","1",-0.786,51.768,0.514,51.768
"2591","1",-3.229,55.059,-1.929,55.059
"2593","1",-2.110,53.367,-0.810,53.367
"2594","1",-2.670,52.143,-1.370,52.143
"2595","1",0.045,52.115,1.345,52.115
"2597","1",-3.238,50.877,-1.938,50.877
"2603","1",-3.965,56.771,-2.665,56.771
"2605","1",-2.262,54.312,-0.962,54.312
"2606","1",-2.489,50.848,-1.189,50.848
"2610","1",-2.216,51.900,-0.916,51.900
"2614","1",-3.305,55.545,-2.005,55.545
"2615","1",-3.076,53.109,-1.776,53.109
"2621","1",-3.558,52.364,-2.258,52.364
"2622","1",-2.773,54.277,-1.473,54.277
"2623","1",-0.567,52.437,0.733,52.437
"2628","1",-3.555,52.544,-2.255,52.544
"2636","1",-3.855,50.793,-2.555,50.793
"2643","1",-1.670,53.071,-0.370,53.071
"2644","1",-3.149,54.462,-1.849,54.462
"2646","1",-4.633,55.596,-3.333,55.596
"2647","1",-0.672,50.997,0.628,50.997
"2649","1",-2.430,53.645,-1.130,53.645
"2658","1",-3.875,55.576,-2.575,55.576
"2660","1",-1.982,51.014,-0.682,51.014
"2670","1",-0.374,52.090,0.926,52.090
"2671","1",-2.921,52.728,-1.621,52.728
"2672","1",-2.650,52.833,-1.350,52.833
"2673","1",-3.520,56.920,-2.220,56.920
"2675","1",-0.783,50.962,0.517,50.962
"2676","1",-4.515,50.908,-3.215,50.908
"2680","1",-3.074,53.042,-1.774,53.042
"2683","1",-2.856,54.280,-1.556,54.280
"2686","1",-3.812,55.747,-2.512,55.747
"2687","1",-4.060,52.037,-2.760,52.037
"2692","1",-2.551,53.592,-1.251,53.592
"2694","1",-3.536,57.176,-2.236,57.176
"2697","1",-3.081,54.546,-1.781,54.546
"2699","1",-3.586,52.210,-2.286,52.210
"2700","1",-3.711,57.579,-2.411,57.579
"2703","1",-1.851,53.230,-0.551,53.230
"2707","1",-3.252,57.605,-1.952,57.605
"2708","1",-2.978,53.909,-1.678,53.909
"2711","1",-1.210,52.565,0.090,52.565
"2712","1",-3.240,55.258,-1.940,55.258
"2713","1",-3.454,52.788,-2.154,52.788
"2714","1",-4.061,52.221,-2.761,52.221
"2717","1",-2.653,51.190,-1.353,51.190
"2718","1",-2.465,52.872,-1.165,52.872
"2721","1",-1.832,51.185,-0.532,51.185
"2722","1",-1.554,52.124,-0.254,52.124
"2729","1",-3.566,57.489,-2.266,57.489
"2739","1",-1.860,50.926,-0.560,50.926
"2740","1",-3.553,56.909,-2.253,56.909
"2741","1",-0.880,52.329,0.420,52.329
"2743","1",0.052,51.207,1.352,51.207
"2746","1",-3.546,53.090,-2.246,53.090
"2750","1",-1.583,52.283,-0.283,52.283
"2751","1",-2.546,53.589,-1.246,53.589
"2753","1",-1.907,53.241,-0.607,53.241
"2754","1",-0.512,52.451,0.788,52.451
"2755","1",-3.557,52.356,-2.257,52.356
"2762","1",-4.091,55.592,-2.791,55.592
"2765","1",-3.737,51.024,-2.437,51.024
"2767","1",-3.223,55.326,-1.923,55.326
"2768","1",-2.691,51.951,-1.391,51.951
"2771","1",-2.869,52.136,-1.569,52.136
"2774","1",-2.588,54.152,-1.288,54.152
"2775","1",-4.403,55.601,-3.103,55.601
"2777","1",-2.100,51.144,-0.800,51.144
"2779","1",-3.844,56.843,-2.544,56.843
"2782","1",-3.340,52.748,-2.040,52.748
"2783","1",-2.945,52.959,-1.645,52.959
"2784","1",-3.467,55.869,-2.167,55.869
"2787","1",-3.805,51.133,-2.505,51.133
"2788","1",-1.869,51.367,-0.569,51.367
"2790","1",-1.802,54.162,-0.502,54.162
"2791","1",-3.906,57.343,-2.606,57.343
"2793","1",-4.151,56.709,-2.851,56.709
"2801","1",-1.694,50.846,-0.394,50.846
"2803","1",-4.340,55.753,-3.040,55.753
"2804","1",-1.186,52.533,0.114,52.533
"2807","1",-0.507,50.951,0.793,50.951
"2812","1",-2.194,54.091,-0.894,54.091
"2813","1",-3.890,52.027,-2.590,52.027
"2815","1",-2.914,52.673,-1.614,52.673
"2816","1",-3.489,55.410,-2.189,55.410
"2817","1",-4.075,56.320,-2.775,56.320
"2821","1",-2.564,54.021,-1.264,54.021
"2822","1",-2.302,54.440,-1.002,54.440
"2824","1",-4.149,56.740,-2.849,56.740
"2829","1",-1.940,52.788,-0.640,52.788
"2832","1",-3.049,54.479,-1.749,54.479
"2833","1",-3.901,55.727,-2.601,55.727
"2834","1",-2.350,51.729,-1.050,51.729
"2835","1",-4.084,55.452,-2.784,55.452
"2840","1",-4.495,55.550,-3.195,55.550
"2843","1",-2.723,52.819,-1.423,52.819
"2846","1",-1.123,50.859,0.177,50.859
"2850","1",-3.163,52.918,-1.863,52.918
"2853","1",-1.503,52.195,-0.203,52.195
"2855","1",-2.119,54.311,-0.819,54.311
"2856","1",-3.805,55.240,-2.505,55.240
"2857","1",-1.374,50.981,-0.074,50.981
"2859","1",-2.531,53.893,-1.231,53.893
"2867","1",-0.780,51.908,0.520,51.908
"2868","1",-2.233,51.477,-0.933,51.477
"2869","1",-0.987,51.973,0.313,51.973
"2871","1",-4.217,57.116,-2.917,57.116
"2872","1",-1.697,53.608,-0.397,53.608
"2873","1",-1.636,51.711,-0.336,51.711
"2878","1",-1.646,54.135,-0.346,54.135
"2879","1",-1.909,52.318,-0.609,52.318
"2884","1",-4.825,55.295,-3.525,55.295
"2885","1",-1.590,53.055,-0.290,53.055
"2887","1",-4.612,55.684,-3.312,55.684
"2888","1",-2.850,50.982,-1.550,50.982
"2889","1",-1.557,52.841,-0.257,52.841
"2890","1",-4.013,56.669,-2.713,56.669
"2891","1",-1.730,52.692,-0.430,52.692
"2892","1",-2.680,54.427,-1.380,54.427
"2893","1",-1.287,51.201,0.013,51.201
"2894","1",-4.002,52.826,-2.702,52.826
"2897","1",-2.202,53.543,-0.902,53.543
"2905","1",-3.868,57.045,-2.568,57.045
"2910","1",-3.960,57.284,-2.660,57.284
"2912","1",-1.640,51.885,-0.340,51.885
"2916","1",-3.563,52.987,-2.263,52.987
"2919","1",-2.603,53.864,-1.303,53.864
"2925","1",-2.888,54.042,-1.588,54.042
"2928","1",-0.738,51.157,0.562,51.157
"2932","1",-3.699,55.325,-2.399,55.325
"2933","1",-1.997,53.321,-0.697,53.321
"2935","1",-4.206,50.869,-2.906,50.869
"2936","1",-3.605,55.714,-2.305,55.714
"2940","1",-2.251,52.057,-0.951,52.057
"2945","1",-2.149,51.015,-0.849,51.015
"2946","1",-4.567,57.154,-3.267,57.154
"2949","1",-1.179,52.783,0.121,52.783
"2953","1",-4.235,55.735,-2.935,55.735
"2955","1",-1.382,52.075,-0.082,52.075
"2956","1",-3.902,52.009,-2.602,52.009
"2960","1",-3.466,57.402,-2.166,57.402
"2967","1",-0.601,51.004,0.699,51.004
"2970","1",-3.149,51.124,-1.849,51.124
"2971","1",-2.030,51.721,-0.730,51.721
"2973","1",-3.553,55.793,-2.253,55.793
"2974","1",-3.825,52.679,-2.525,52.679
"2976","1",-2.207,54.003,-0.907,54.003
"2979","1",-1.113,51.094,0.187,51.094
"2980","1",-4.808,56.435,-3.508,56.435
"2981","1",-3.001,53.867,-1.701,53.867
"2986","1",-3.612,51.018,-2.312,51.018
"2987","1",-4.426,56.745,-3.126,56.745
"2988","1",-4.025,55.582,-2.725,55.582
"2995","1",-4.007,51.994,-2.707,51.994
"2999","1",-2.157,53.611,-0.857,53.611
"3001","1",-1.254,53.043,0.046,53.043
"3002","1",-2.552,53.870,-1.252,53.870
"3006","1",-2.975,54.354,-1.675,54.354
"3007","1",-3.753,57.524,-2.453,57.524
"3010","1",-2.051,53.458,-0.751,53.458
"3011","1",-3.707,57.514,-2.407,57.514
"3012","1",0.200,52.190,1.500,52.190
"3016","1",-0.807,51.116,0.493,51.116
"3017","1",-1.073,52.342,0.227,52.342
"3018","1",-4.353,57.332,-3.053,57.332
"3020","1",-3.734,57.136,-2.434,57.136
"3021","1",-3.016,54.305,-1.716,54.305
"3022","1",-2.032,51.839,-0.732,51.839
"3024","1",-0.504,52.394,0.796,52.394
"3025","1",-3.580,57.264,-2.280,57.264
"3027","1",-4.122,52.160,-2.822,52.160
"3033","1",-2.420,50.850,-1.120,50.850
"3035","1",-3.883,52.946,-2.583,52.946
"3042","1",-3.330,55.435,-2.030,55.435
"3044","1",-1.155,51.203,0.145,51.203
"3047","1",-1.679,51.688,-0.379,51.688
"3049","1",-0.605,51.768,0.695,51.768
"3051","1",-2.444,50.967,-1.144,50.967
"3056","1",-1.445,52.881,-0.145,52.881
"3057","1",-1.262,53.490,0.038,53.490
"3058","1",-2.029,53.875,-0.729,53.875
"3060","1",-1.880,53.988,-0.580,53.988
"3065","1",-3.540,52.033,-2.240,52.033
"3066","1",-2.448,51.170,-1.148,51.170
"3068","1",-1.721,54.219,-0.421,54.219
"3072","1",-3.895,55.392,-2.595,55.392
"3074","1",-3.589,52.666,-2.289,52.666
"3079","1",-4.126,55.520,-2.826,55.520
"3082","1",-4.588,57.009,-3.288,57.009
"3083","1",-3.920,50.806,-2.620,50.806
"3087","1",-1.933,52.044,-0.633,52.044
"3089","1",-4.311,51.936,-3.011,51.936
"3090","1",-1.583,51.025,-0.283,51.025
"3093","1",-4.331,50.712,-3.031,50.712
"3094","1",-1.993,53.192,-0.693,53.192
"3097","1",-1.593,53.544,-0.293,53.544
"3104","1",-2.536,54.145,-1.236,54.145
"3107","1",-1.955,53.076,-0.655,53.076
"3110","1",-2.605,54.626,-1.305,54.626
"3111","1",0.246,52.402,1.546,52.402
"3113","1",-2.299,52.244,-0.999,52.244
"3114","1",-1.862,53.189,-0.562,53.189
"3118","1",-1.621,53.438,-0.321,53.438
"3123","1",-4.307,57.223,-3.007,57.223
"3126","1",-3.153,52.695,-1.853,52.695
"3127","1",-1.827,54.193,-0.527,54.193
"3131","1",-1.808,54.125,-0.508,54.125
"3134","1",-1.726,52.413,-0.426,52.413
"3136","1",-4.052,57.006,-2.752,57.006
"3140","1",-3.890,52.449,-2.590,52.449
"3141","1",-1.550,53.655,-0.250,53.655
"3143","1",-2.078,53.254,-0.778,53.254
"3147","1",-2.959,55.466,-1.659,55.466
"3149","1",-1.074,52.750,0.226,52.750
"3151","1",-2.503,50.933,-1.203,50.933
"3153","1",-3.282,50.927,-1.982,50.927
"3154","1",-1.593,53.012,-0.293,53.012
"3157","1",-3.798,52.744,-2.498,52.744
"3158","1",-2.531,53.226,-1.231,53.226
"3164","1",-4.150,55.399,-2.850,55.399
"3169","1",-4.092,51.883,-2.792,51.883
"3178","1",-2.276,54.114,-0.976,54.114
"3181","1",-3.717,55.291,-2.417,55.291
"3182","1",-2.625,53.071,-1.325,53.071
"3183","1",-4.025,56.927,-2.725,56.927
"3185","1",-1.330,51.982,-0.030,51.982
"3187","1",-4.232,57.461,-2.932,57.461
"3190","1",-2.202,50.817,-0.902,50.817
"3192","1",-2.328,51.304,-1.028,51.304
"3199","1",0.230,52.466,1.530,52.466
"3202","1",-1.419,50.936,-0.119,50.936
"3204","1",-2.728,53.971,-1.428,53.971
"3206","1",-0.595,50.922,0.705,50.922
"3214","1",-2.558,52.993,-1.258,52.993
"3215","1",-1.997,53.150,-0.697,53.150
"3216","1",-4.855,57.050,-3.555,57.050
"3217","1",-1.888,53.542,-0.588,53.542
"3218","1",-3.124,52.932,-1.824,52.932
"3224","1",-2.765,54.594,-1.465,54.594
"3232","1",-2.601,51.167,-1.301,51.167
"3233","1",-3.522,52.087,-2.222,52.087
"3235","1",-3.273,54.628,-1.973,54.628
"3237","1",-3.091,52.868,-1.791,52.868
"3238","1",-3.511,50.918,-2.211,50.918
"3240","1",-2.437,53.216,-1.137,53.216
"3242","1",-0.181,52.675,1.119,52.675
"3244","1",-2.507,54.468,-1.207,54.468
"3246","1",-3.913,56.569,-2.613,56.569
"3248","1",-1.693,52.213,-0.393,52.213
"3249","1",-1.195,52.853,0.105,52.853
"3250","1",0.062,52.114,1.362,52.114
"3251","1",-1.836,53.921,-0.536,53.921
"3256","1",-4.585,55.733,-3.285,55.733
"3258","1",0.001,51.211,1.301,51.211
"3259","1",-1.798,50.847,-0.498,50.847
"3260","1",-4.172,57.149,-2.872,57.149
"3264","1",-1.775,54.369,-0.475,54.369
"3270","1",-0.481,50.960,0.819,50.960
"3271","1",0.115,52.753,1.415,52.753
"3273","1",-0.224,52.446,1.076,52.446
"3274","1",-1.804,51.883,-0.504,51.883
"3277","1",-3.195,55.468,-1.895,55.468
"3279","1",-1.951,54.286,-0.651,54.286
"3285","1",-4.853,57.116,-3.553,57.116
"3286","1",-1.896,52.298,-0.596,52.298
"3288","1",-2.685,53.202,-1.385,53.202
"3289","1",-3.367,54.482,-2.067,54.482
"3292","1",-3.202,52.092,-1.902,52.092
"3293","1",-1.523,52.453,-0.223,52.453
"3297","1",-3.950,55.632,-2.650,55.632
"3298","1",-1.627,51.027,-0.327,51.027
"3299","1",-2.283,52.120,-0.983,52.120
"3300","1",-3.283,52.990,-1.983,52.990
"3304","1",-3.153,52.023,-1.853,52.023
"3305","1",-4.630,55.236,-3.330,55.236
"3308","1",-3.624,52.365,-2.324,52.365
"3309","1",-1.102,52.310,0.198,52.310
"3310","1",-4.131,53.163,-2.831,53.163
"3311","1",-3.651,56.936,-2.351,56.936
"3313","1",-4.647,55.117,-3.347,55.117
"3315","1",-3.308,57.319,-2.008,57.319
"3321","1",-3.007,53.008,-1.707,53.008
"3328","1",-4.142,55.197,-2.842,55.197
"3329","1",-2.140,50.860,-0.840,50.860
"3331","1",-2.015,51.802,-0.715,51.802
"3336","1",-1.456,53.326,-0.156,53.326
"3338","1",-4.173,55.116,-2.873,55.116
"3340","1",-0.541,52.569,0.759,52.569
"3341","1",-1.386,52.715,-0.086,52.715
"3343","1",-1.737,54.002,-0.437,54.002
"3347","1",-2.119,53.371,-0.819,53.371
"3348","1",-0.431,51.109,0.869,51.109
"3351","1",-3.631,55.709,-2.331,55.709
"3352","1",-4.632,55.169,-3.332,55.169
"3355","1",-1.824,54.391,-0.524,54.391
"3356","1",-0.191,51.211,1.109,51.211
"3357","1",-1.347,53.511,-0.047,53.511
"3359","1",-1.098,53.364,0.202,53.364
"3360","1",-1.464,53.590,-0.164,53.590
"3363","1",-3.395,54.707,-2.095,54.707
"3366","1",-3.459,54.741,-2.159,54.741
"3367","1",-3.988,57.372,-2.688,57.372
"3370","1",-4.001,55.613,-2.701,55.613
"3371","1",0.138,52.440,1.438,52.440
"3372","1",-2.127,53.125,-0.827,53.125
"3379","1",-3.972,55.809,-2.672,55.809
"3384","1",-3.335,51.143,-2.035,51.143
"3385","1",-1.806,52.873,-0.506,52.873
"3386","1",-2.544,53.082,-1.244,53.082
"3387","1",-2.376,51.215,-1.076,51.215
"3388","1",-3.453,57.156,-2.153,57.156
"3389","1",-3.950,50.951,-2.650,50.951
"3396","1",-1.640,53.491,-0.340,53.491
"3402","1",-4.044,55.445,-2.744,55.445
"3405","1",-2.586,54.028,-1.286,54.028
"3409","1",-2.968,54.707,-1.668,54.707
"3414","1",-4.351,57.194,-3.051,57.194
"3415","1",-2.894,51.987,-1.594,51.987
"3417","1",-2.603,54.344,-1.303,54.344
"3422","1",-2.055,54.246,-0.755,54.246
"3430","1",-2.658,53.159,-1.358,53.159
"3432","1",-1.430,52.081,-0.130,52.081
"3434","1",-3.820,52.657,-2.520,52.657
"3436","1",-2.699,50.825,-1.399,50.825
"3439","1",-3.277,55.326,-1.977,55.326
"3440","1",-1.064,52.475,0.236,52.475
"3441","1",-2.754,50.852,-1.454,50.852
"3445","1",-0.799,51.228,0.501,51.228
"3450","1",-1.879,54.421,-0.579,54.421
"3455","1",-2.437,53.223,-1.137,53.223
"3457","1",-3.671,55.547,-2.371,55.547
"3461","1",-2.244,51.375,-0.944,51.375
"3462","1",-3.237,53.125,-1.937,53.125
"3464","1",-1.122,51.816,0.178,51.816
"3467","1",-4.453,50.849,-3.153,50.849
"3469","1",-0.463,52.579,0.837,52.579
"3471","1",-1.945,53.907,-0.645,53.907
"3473","1",-3.010,54.748,-1.710,54.748
"3476","1",-3.412,52.092,-2.112,52.092
"3477","1",-2.735,54.043,-1.435,54.043
"3478","1",-2.966,51.163,-1.666,51.163
"3479","1",-2.551,53.900,-1.251,53.900
"3486","1",-4.061,52.260,-2.761,52.260
"3489","1",0.028,51.227,1.328,51.227
"3491","1",-0.568,51.075,0.732,51.075
"3492","1",-3.430,55.395,-2.130,55.395
"3494","1",-3.922,56.746,-2.622,56.746
"3496","1",-4.450,55.661,-3.150,55.661
"3500","1",-1.339,53.202,-0.039,53.202
"3503","1",-1.544,53.633,-0.244,53.633
"3504","1",-2.515,52.694,-1.215,52.694
"3506","1",-2.228,54.127,-0.928,54.127
"3507","1",-3.322,54.726,-2.022,54.726
"3509","1",-2.928,54.561,-1.628,54.561
"3510","1",-0.806,52.552,0.494,52.552
"3514","1",-2.709,53.235,-1.409,53.235
"3518","1",-0.183,52.498,1.117,52.498
"3521","1",-1.937,51.443,-0.637,51.443
"3522","1",-4.408,57.034,-3.108,57.034
"3526","1",-3.944,55.572,-2.644,55.572
"3527","1",-2.440,53.940,-1.140,53.940
"3532","1",-1.911,51.662,-0.611,51.662
"3533","1",-3.721,57.545,-2.421,57.545
"3536","1",-3.410,57.420,-2.110,57.420
"3538","1",0.226,52.390,1.526,52.390
"3547","1",-3.979,52.696,-2.679,52.696
"3548","1",-3.659,57.103,-2.359,57.103
"3549","1",-2.974,51.158,-1.674,51.158
"3554","1",-1.816,52.142,-0.516,52.142
"3556","1",-2.374,51.548,-1.074,51.548
"3558","1",-3.157,55.319,-1.857,55.319
"3559","1",-2.203,51.012,-0.903,51.012
"3561","1",-1.484,50.946,-0.184,50.946
"3563","1",-2.175,53.640,-0.875,53.640
"3565","1",-1.216,52.749,0.084,52.749
"3571","1",-3.440,52.270,-2.140,52.270
"3572","1",-2.657,54.284,-1.357,54.284
"3573","1",-2.575,52.902,-1.275,52.902
"3577","1",-4.387,55.526,-3.087,55.526
"3578","1",-3.454,57.630,-2.154,57.630
"3579","1",-2.559,54.076,-1.259,54.076
"3580","1",-4.070,57.268,-2.770,57.268
"3584","1",-2.241,53.619,-0.941,53.619
"3585","1",-2.570,51.340,-1.270,51.340
"3587","1",-2.251,51.228,-0.951,51.228
"3589","1",-3.519,52.803,-2.219,52.803
"3591","1",-1.692,51.029,-0.392,51.029
"3593","1",-1.991,52.811,-0.691,52.811
"3594","1",-2.326,53.099,-1.026,53.099
"3596","1",-0.880,51.826,0.420,51.826
"3597","1",-3.645,52.755,-2.345,52.755
"3599","1",-1.908,54.373,-0.608,54.373
"3601","1",-0.114,51.116,1.186,51.116
"3602","1",-2.493,53.161,-1.193,53.161
"3603","1",-3.623,53.169,-2.323,53.169
"3604","1",-1.271,53.288,0.029,53.288
"3607","1",-3.432,55.538,-2.132,55.538
"3608","1",-2.247,52.796,-0.947,52.796
"3613","1",-3.162,53.096,-1.862,53.096
"3617","1",-0.792,52.221,0.508,52.221
"3619","1",-3.314,51.071,-2.014,51.071
"3621","1",-3.226,57.575,-1.926,57.575
"3625","1",-2.557,50.909,-1.257,50.909
"3626","1",-1.946,52.143,-0.646,52.143
"3630","1",-2.622,52.761,-1.322,52.761
"3632","1",-1.084,52.085,0.216,52.085
"3634","1",-2.987,52.718,-1.687,52.718
"3637","1",-4.748,55.241,-3.448,55.241
"3640","1",-1.311,52.887,-0.011,52.887
"3641","1",-1.682,51.018,-0.382,51.018
"3642","1",-3.084,53.122,-1.784,53.122
"3646","1",-2.077,51.930,-0.777,51.930
"3647","1",-2.647,54.526,-1.347,54.526
"3649","1",-2.062,51.824,-0.762,51.824
"3651","1",-0.760,52.752,0.540,52.752
"3652","1",-2.391,53.591,-1.091,53.591
"3656","1",-3.324,57.493,-2.024,57.493
"3657","1",-3.198,55.315,-1.898,55.315
"3658","1",-4.666,57.178,-3.366,57.178
"3668","1",-1.832,50.880,-0.532,50.880
"3671","1",-2.006,54.227,-0.706,54.227
"3675","1",-3.303,57.467,-2.003,57.467
"3677","1",-1.816,54.176,-0.516,54.176
"3681","1",-4.367,50.889,-3.067,50.889
"3683","1",-1.265,52.764,0.035,52.764
"3688","1",-3.754,52.745,-2.454,52.745
"3695","1",-3.441,55.525,-2.141,55.525
"3701","1",-2.694,52.651,-1.394,52.651
"3702","1",-1.944,53.471,-0.644,53.471
"3704","1",-1.351,53.229,-0.051,53.229
"3705","1",-1.311,53.033,-0.011,53.033
"3708","1",-3.972,57.212,-2.672,57.212
"3709","1",-3.728,51.880,-2.428,51.880
"3711","1",-3.816,55.499,-2.516,55.499
"3713","1",-1.792,54.077,-0.492,54.077
"3715","1",-0.675,51.039,0.625,51.039
"3716","1",-3.637,55.369,-2.337,55.369
"3717","1",-1.708,51.759,-0.408,51.759
"3722","1",-1.442,51.817,-0.142,51.817
"3727","1",-3.352,55.111,-2.052,55.111
"3733","1",-2.400,54.167,-1.100,54.167
"3738","1",-0.622,51.874,0.678,51.874
"3740","1",-3.458,54.726,-2.158,54.726
"3741","1",-3.238,55.254,-1.938,55.254
"3743","1",-4.136,57.160,-2.836,57.160
"3747","1",-2.206,53.885,-0.906,53.885
"3754","1",-3.493,55.260,-2.193,55.260
"3755","1",-3.979,55.763,-2.679,55.763
"3757","1",-3.369,55.803,-2.069,55.803
"3758","1",-2.133,52.011,-0.833,52.011
"3763","1",-3.253,55.563,-1.953,55.563
"3764","1",-2.484,51.320,-1.184,51.320
"3769","1",-2.709,54.506,-1.409,54.506
"3771","1",-3.155,55.017,-1.855,55.017
"3773","1",-3.003,52.835,-1.703,52.835
"3774","1",-4.325,55.184,-3.025,55.184
"3776","1",-3.712,57.397,-2.412,57.397
"3777","1",-1.280,53.125,0.020,53.125
"3782","1",-1.043,52.002,0.257,52.002
"3783","1",-2.285,53.321,-0.985,53.321
"3787","1",-3.692,57.270,-2.392,57.270
"3795","1",-1.615,51.937,-0.315,51.937
"3802","1",-2.703,52.980,-1.403,52.980
"3804","1",-0.530,51.160,0.770,51.160
"3805","1",-2.845,54.367,-1.545,54.367
"3806","1",-4.042,56.484,-2.742,56.484
"3807","1",-1.908,52.217,-0.608,52.217
"3813","1",-0.984,51.070,0.316,51.070
"3814","1",-2.718,50.879,-1.418,50.879
"3820","1",-2.001,54.386,-0.701,54.386
"3821","1",-1.592,52.043,-0.292,52.043
"3822","1",-1.429,52.330,-0.129,52.330
"3825","1",-2.374,53.690,-1.074,53.690
"3826","1",-0.986,51.937,0.314,51.937
"3827","1",-1.549,53.631,-0.249,53.631
"3833","1",-3.277,55.036,-1.977,55.036
"3850","1",-0.024,52.336,1.276,52.336
"3853","1",-1.223,53.167,0.077,53.167
"3855","1",-3.727,56.917,-2.427,56.917
"3856","1",-2.033,52.234,-0.733,52.234
"3857","1",-3.471,57.351,-2.171,57.351
"3858","1",-1.413,52.468,-0.113,52.468
"3873","1",-1.002,52.268,0.298,52.268
"3874","1",0.038,52.246,1.338,52.246
"3879","1",-1.708,50.994,-0.408,50.994
"3881","1",-3.249,55.396,-1.949,55.396
"3882","1",-0.727,51.795,0.573,51.795
"3883","1",-3.849,50.906,-2.549,50.906
"3884","1",-4.506,56.615,-3.206,56.615
"3890","1",-2.434,53.713,-1.134,53.713
"3891","1",-1.403,53.246,-0.103,53.246
"3895","1",-1.772,52.342,-0.472,52.342
"3898","1",-4.181,55.343,-2.881,55.343
"3901","1",-3.541,51.123,-2.241,51.123
"3902","1",-3.393,57.343,-2.093,57.343
"3903","1",-1.061,51.235,0.239,51.235
"3905","1",-2.019,51.891,-0.719,51.891
"3906","1",-1.314,51.874,-0.014,51.874
"3908","1",-1.989,51.527,-0.689,51.527
"3910","1",-3.446,55.900,-2.146,55.900
"3912","1",-3.280,52.780,-1.980,52.780
"3913","1",-0.349,52.396,0.951,52.396
"3914","1",-3.726,56.813,-2.426,56.813
"3918","1",-4.365,57.258,-3.065,57.258
"3920","1",-1.690,51.878,-0.390,51.878
"3924","1",-1.319,51.198,-0.019,51.198
"3925","1",-1.244,52.249,0.056,52.249
"3929","1",-3.942,51.903,-2.642,51.903
"3931","1",-2.058,53.674,-0.758,53.674
"3935","1",-2.986,53.140,-1.686,53.140
"3941","1",-2.617,53.892,-1.317,53.892
"3942","1",-2.883,54.529,-1.583,54.529
"3943","1",-3.434,54.609,-2.134,54.609
"3945","1",-0.184,52.722,1.116,52.722
"3946","1",-0.065,52.209,1.235,52.209
"3948","1",-2.907,53.100,-1.607,53.100
"3949","1",-0.806,52.331,0.494,52.331
"3950","1",-3.561,55.604,-2.261,55.604
"3952","1",-3.978,52.355,-2.678,52.355
"3953","1",-1.427,50.854,-0.127,50.854
"3954","1",-2.229,52.840,-0.929,52.840
"3956","1",-3.171,57.631,-1.871,57.631
"3958","1",-3.673,50.925,-2.373,50.925
"3960","1",-2.269,53.368,-0.969,53.368
"3961","1",-1.282,52.827,0.018,52.827
"3962","1",-1.592,51.839,-0.292,51.839
"3965","1",-2.496,54.648,-1.196,54.648
"3966","1",-1.752,50.846,-0.452,50.846
"3967","1",-1.798,51.341,-0.498,51.341
"3968","1",-0.791,51.190,0.509,51.190
"3969","1",-2.508,54.355,-1.208,54.355
"3970","1",-0.643,51.048,0.657,51.048
"3971","1",-1.778,52.182,-0.478,52.182
"3974","1",-2.786,52.112,-1.486,52.112
"3975","1",-1.522,53.353,-0.222,53.353
"3976","1",-2.985,50.785,-1.685,50.785
"3977","1",-3.403,51.989,-2.103,51.989
"3983","1",-0.939,50.925,0.361,50.925
"3984","1",-2.905,52.251,-1.605,52.251
"3990","1",-0.601,52.494,0.699,52.494
"3996","1",-2.255,53.117,-0.955,53.117
"3999","1",-2.350,53.091,-1.050,53.091
"4000","1",-4.172,55.354,-2.872,55.354
"4002","1",-2.118,53.383,-0.818,53.383
"4003","1",-4.027,51.856,-2.727,51.856
"4012","1",-1.514,50.906,-0.214,50.906
"4016","1",-1.672,50.946,-0.372,50.946
"4017","1",-4.516,55.431,-3.216,55.431
"4026","1",-2.466,52.843,-1.166,52.843
"4027","1",-3.480,57.112,-2.180,57.112
"4033","1",-3.920,57.380,-2.620,57.380
"4034","1",-1.217,51.886,0.083,51.886
"4035","1",-1.952,53.424,-0.652,53.424
"4038","1",-2.279,50.962,-0.979,50.962
"4041","1",-1.530,52.847,-0.230,52.847
"4057","1",-1.833,52.846,-0.533,52.846
"4059","1",-1.074,51.129,0.226,51.129
"4060","1",-3.426,54.397,-2.126,54.397
"4062","1",-2.656,53.969,-1.356,53.969
"4064","1",-3.348,52.211,-2.048,52.211
"4072","1",-1.723,53.401,-0.423,53.401
"4076","1",-3.289,55.200,-1.989,55.200
"4081","1",-1.633,52.223,-0.333,52.223
"4083","1",-2.505,53.609,-1.205,53.609
"4084","1",-3.806,55.596,-2.506,55.596
"4089","1",-2.764,54.803,-1.464,54.803
"4093","1",-2.536,52.936,-1.236,52.936
"4097","1",-2.222,52.328,-0.922,52.328
"4099","1",-2.230,50.888,-0.930,50.888
"4101","1",-2.523,52.811,-1.223,52.811
"4102","1",-3.939,53.096,-2.639,53.096
"4103","1",-3.793,51.876,-2.493,51.876
"4106","1",-2.573,54.715,-1.273,54.715
"4110","1",-4.014,55.425,-2.714,55.425
"4111","1",-2.807,51.354,-1.507,51.354
"4112","1",-3.357,55.423,-2.057,55.423
"4113","1",-0.674,52.091,0.626,52.091
"4114","1",-4.111,56.258,-2.811,56.258
"4116","1",-1.627,53.160,-0.327,53.160
"4117","1",-2.223,54.384,-0.923,54.384
"4120","1",-2.631,50.800,-1.331,50.800
"4121","1",-4.094,52.064,-2.794,52.064
"4122","1",-3.761,53.206,-2.461,53.206
"4125","1",-2.403,51.532,-1.103,51.532
"4130","1",-3.961,52.820,-2.661,52.820
"4132","1",-1.426,52.161,-0.126,52.161
"4138","1",-1.699,52.294,-0.399,52.294
"4140","1",-4.244,55.684,-2.944,55.684
"4141","1",-0.443,52.561,0.857,52.561
"4143","1",-2.338,53.895,-1.038,53.895
"4144","1",-3.707,50.974,-2.407,50.974
"4145","1",-0.778,51.222,0.522,51.222
"4146","1",-3.657,52.475,-2.357,52.475
"4149","1",-1.366,52.259,-0.066,52.259
"4154","1",-2.629,51.967,-1.329,51.967
"4156","1",-4.708,56.300,-3.408,56.300
"4160","1",-3.895,53.154,-2.595,53.154
"4162","1",-2.489,54.673,-1.189,54.673
"4164","1",-1.758,53.083,-0.458,53.083
"4167","1",-2.895,52.141,-1.595,52.141
"4175","1",-3.193,52.677,-1.893,52.677
"4176","1",-2.235,52.694,-0.935,52.694
"4177","1",-3.921,57.384,-2.621,57.384
"4178","1",-4.152,50.749,-2.852,50.749
"4179","1",-4.631,55.576,-3.331,55.576
"4180","1",-3.924,56.287,-2.624,56.287
"4185","1",-3.479,50.933,-2.179,50.933
"4186","1",-4.212,57.254,-2.912,57.254
"4188","1",-2.734,54.863,-1.434,54.863
"4189","1",-2.306,53.860,-1.006,53.860
"4190","1",-3.020,53.773,-1.720,53.773
"4191","1",-3.409,50.824,-2.109,50.824
"4192","1",-2.678,53.323,-1.378,53.323
"4193","1",-0.944,52.711,0.356,52.711
"4194","1",-0.981,52.301,0.319,52.301
"4195","1",-4.251,57.162,-2.951,57.162
"4196","1",-1.282,53.271,0.018,53.271
"4198","1",-3.445,55.080,-2.145,55.080
"4201","1",-2.024,50.993,-0.724,50.993
"4204","1",-0.271,52.568,1.029,52.568
"4208","1",-1.696,52.451,-0.396,52.451
"4216","1",-3.112,52.310,-1.812,52.310
"4219","1",-2.298,52.047,-0.998,52.047
"4221","1",-2.790,52.966,-1.490,52.966
"4222","1",-3.444,51.909,-2.144,51.909
"4223","1",-3.190,52.827,-1.890,52.827
"4224","1",-0.118,52.420,1.182,52.420
"4226","1",-1.145,52.335,0.155,52.335
"4228","1",-3.233,54.349,-1.933,54.349
"4230","1",-3.666,51.911,-2.366,51.911
"4231","1",-4.233,55.444,-2.933,55.444
"4232","1",-4.132,57.186,-2.832,57.186
"4235","1",-1.160,52.018,0.140,52.018
"4236","1",-4.030,56.253,-2.730,56.253
"4238","1",-2.525,52.111,-1.225,52.111
"4243","1",-3.729,52.247,-2.429,52.247
"4245","1",-3.830,57.509,-2.530,57.509
"4246","1",-4.140,57.506,-2.840,57.506
"4248","1",-4.676,55.352,-3.376,55.352
"4252","1",-3.969,57.192,-2.669,57.192
"4253","1",-3.976,52.727,-2.676,52.727
"4255","1",-3.971,51.956,-2.671,51.956
"4264","1",-1.115,51.175,0.185,51.175
"4266","1",-4.081,57.452,-2.781,57.452
"4268","1",-1.161,50.953,0.139,50.953
"4270","1",-1.801,53.379,-0.501,53.379
"4273","1",-2.870,55.290,-1.570,55.290
"4275","1",-0.154,52.186,1.146,52.186
"4277","1",-1.672,52.773,-0.372,52.773
"4281","1",-4.730,57.024,-3.430,57.024
"4282","1",-3.783,52.436,-2.483,52.436
"4283","1",-2.985,53.058,-1.685,53.058
"4285","1",-2.076,54.075,-0.776,54.075
"4288","1",-2.011,53.366,-0.711,53.366
"4290","1",-3.384,53.040,-2.084,53.040
"4292","1",-4.694,55.127,-3.394,55.127
"4298","1",-1.290,53.375,0.010,53.375
"4299","1",-2.932,51.918,-1.632,51.918
"4300","1",-3.698,51.054,-2.398,51.054
"4302","1",-1.701,53.385,-0.401,53.385
"4303","1",-1.175,52.453,0.125,52.453
"4306","1",-3.663,50.938,-2.363,50.938
"4308","1",0.214,52.589,1.514,52.589
"4313","1",-4.741,55.353,-3.441,55.353
"4316","1",-1.396,52.293,-0.096,52.293
"4318","1",-2.754,52.027,-1.454,52.027
"4319","1",-3.393,55.828,-2.093,55.828
"4322","1",-3.467,52.191,-2.167,52.191
"4328","1",-3.339,51.089,-2.039,51.089
"4329","1",-1.979,51.001,-0.679,51.001
"4332","1",-2.142,52.257,-0.842,52.257
"4337","1",-3.171,53.081,-1.871,53.081
"4340","1",-3.131,52.750,-1.831,52.750
"4341","1",-2.757,54.838,-1.457,54.838
"4343","1",-1.896,52.773,-0.596,52.773
"4344","1",-4.374,57.341,-3.074,57.341
"4345","1",-2.428,54.054,-1.128,54.054
"4346","1",-4.203,50.955,-2.903,50.955
"4347","1",-3.310,55.199,-2.010,55.199
"4349","1",-3.239,54.810,-1.939,54.810
"4350","1",-2.816,52.026,-1.516,52.026
"4352","1",-2.475,54.181,-1.175,54.181
"4355","1",-1.872,53.272,-0.572,53.272
"4359","1",-0.789,52.455,0.511,52.455
"4361","1",-3.490,52.712,-2.190,52.712
"4363","1",-3.390,53.174,-2.090,53.174
"4365","1",-2.456,51.116,-1.156,51.116
"4367","1",-3.117,54.402,-1.817,54.402
"4372","1",-1.917,51.226,-0.617,51.226
"4376","1",-2.839,54.533,-1.539,54.533
"4379","1",-4.105,55.344,-2.805,55.344
"4381","1",-2.551,53.049,-1.251,53.049
"4382","1",-4.641,55.247,-3.341,55.247
"4391","1",-4.561,56.153,-3.261,56.153
"4392","1",-3.885,57.364,-2.585,57.364
"4393","1",-1.910,53.345,-0.610,53.345
"4394","1",-0.967,51.797,0.333,51.797
"4395","1",-1.103,53.122,0.197,53.122
"4396","1",-3.161,57.620,-1.861,57.620
"4397","1",-3.641,51.915,-2.341,51.915
"4398","1",-4.169,57.450,-2.869,57.450
"4400","1",-4.412,55.716,-3.112,55.716
"4401","1",-2.939,53.233,-1.639,53.233
"4404","1",-0.079,52.548,1.221,52.548
"4406","1",-3.893,52.396,-2.593,52.396
"4407","1",-2.277,53.347,-0.977,53.347
"4409","1",-1.451,51.978,-0.151,51.978
"4410","1",-2.649,52.922,-1.349,52.922
"4417","1",-1.709,53.446,-0.409,53.446
"4421","1",-2.880,54.688,-1.580,54.688
"4422","1",-2.879,52.849,-1.579,52.849
"4423","1",0.024,52.727,1.324,52.727
"4428","1",-3.606,55.844,-2.306,55.844
"4433","1",-1.859,54.417,-0.559,54.417
"4434","1",-4.373,55.269,-3.073,55.269
"4440","1",-3.213,53.151,-1.913,53.151
"4443","1",-4.334,51.908,-3.034,51.908
"4444","1",-2.193,51.745,-0.893,51.745
"4446","1",-1.382,50.911,-0.082,50.911
"4447","1",-0.427,52.695,0.873,52.695
"4448","1",-2.289,51.488,-0.989,51.488
"4451","1",-0.722,51.074,0.578,51.074
"4456","1",-2.525,52.114,-1.225,52.114
"4462","1",-3.438,53.068,-2.138,53.068
"4466","1",-2.677,52.208,-1.377,52.208
"4467","1",-4.518,56.408,-3.218,56.408
"4468","1",-2.396,52.170,-1.096,52.170
"4474","1",-3.291,54.629,-1.991,54.629
"4476","1",-4.148,57.164,-2.848,57.164
"4481","1",-1.031,51.081,0.269,51.081
"4482","1",-1.249,52.391,0.051,52.391
"4483","1",-3.522,57.351,-2.222,57.351
"4484","1",-2.359,50.982,-1.059,50.982
"4485","1",-2.399,54.586,-1.099,54.586
"4491","1",0.229,52.714,1.529,52.714
"4493","1",-2.117,50.960,-0.817,50.960
"4498","1",-1.609,52.120,-0.309,52.120
"4499","1",-3.937,52.088,-2.637,52.088
"4501","1",-1.150,51.756,0.150,51.756
"4508","1",-3.146,52.657,-1.846,52.657
"4511","1",-3.017,55.343,-1.717,55.343
"4521","1",0.245,52.798,1.545,52.798
"4524","1",-4.200,56.695,-2.900,56.695
"4529","1",-2.473,52.307,-1.173,52.307
"4530","1",-4.752,57.137,-3.452,57.137
"4532","1",-0.766,52.028,0.534,52.028
"4535","1",-3.706,51.987,-2.406,51.987
"4542","1",-3.318,53.019,-2.018,53.019
"4548","1",-4.835,55.717,-3.535,55.717
"4552","1",-3.891,57.191,-2.591,57.191
"4553","1",-3.794,51.062,-2.494,51.062
"4555","1",-4.133,57.458,-2.833,57.458
"4557","1",-1.677,51.165,-0.377,51.165
"4562","1",-4.670,57.041,-3.370,57.041
"4563","1",0.087,52.170,1.387,52.170
"4564","1",-3.337,52.149,-2.037,52.149
"4566","1",-4.120,55.676,-2.820,55.676
"4579","1",-2.429,50.958,-1.129,50.958
"4581","1",-2.082,51.200,-0.782,51.200
"4582","1",-1.672,53.398,-0.372,53.398
"4586","1",-4.260,57.365,-2.960,57.365
"4587","1",-0.403,52.110,0.897,52.110
"4589","1",-1.532,52.027,-0.232,52.027
"4591","1",-3.112,52.095,-1.812,52.095
"4593","1",-3.789,52.449,-2.489,52.449
"4597","1",-3.681,56.959,-2.381,56.959
"4600","1",-0.061,52.587,1.239,52.587
"4601","1",-4.349,55.636,-3.049,55.636
"4603","1",-1.283,52.726,0.017,52.726
"4607","1",-4.496,55.129,-3.196,55.129
"4609","1",-3.873,55.773,-2.573,55.773
"4610","1",-1.626,52.217,-0.326,52.217
"4616","1",0.295,52.399,1.595,52.399
"4620","1",-3.608,57.108,-2.308,57.108
"4621","1",-2.093,50.927,-0.793,50.927
"4622","1",-2.181,51.870,-0.881,51.870
"4624","1",0.039,52.793,1.339,52.793
"4625","1",-4.318,56.831,-3.018,56.831
"4626","1",-1.992,53.023,-0.692,53.023
"4632","1",-1.986,53.436,-0.686,53.436
"4637","1",-3.773,53.134,-2.473,53.134
"4640","1",-3.167,54.653,-1.867,54.653
"4643","1",-1.094,52.487,0.206,52.487
"4644","1",-3.147,52.060,-1.847,52.060
"4653","1",-2.344,51.538,-1.044,51.538
"4656","1",-1.666,54.009,-0.366,54.009
"4664","1",-4.422,55.679,-3.122,55.679
"4672","1",-1.126,53.397,0.174,53.397
"4675","1",-2.561,51.561,-1.261,51.561
"4677","1",-4.421,55.478,-3.121,55.478
"4679","1",-4.015,55.774,-2.715,55.774
"4683","1",-1.825,51.146,-0.525,51.146
"4684","1",-0.672,51.885,0.628,51.885
"4685","1",-2.952,51.941,-1.652,51.941
"4690","1",-0.995,53.197,0.305,53.197
"4696","1",-0.585,51.112,0.715,51.112
"4700","1",-4.841,55.119,-3.541,55.119
"4701","1",-3.252,54.744,-1.952,54.744
"4702","1",-1.703,53.355,-0.403,53.355
"4705","1",-4.123,51.844,-2.823,51.844
"4707","1",-2.047,53.455,-0.747,53.455
"4711","1",-3.658,56.801,-2.358,56.801
"4713","1",-2.354,54.249,-1.054,54.249
"4715","1",-2.555,53.353,-1.255,53.353
"4717","1",-2.708,52.740,-1.408,52.740
"4720","1",-3.396,54.787,-2.096,54.787
"4724","1",0.137,52.689,1.437,52.689
"4726","1",-3.293,55.028,-1.993,55.028
"4732","1",-2.575,53.922,-1.275,53.922
"4733","1",-3.694,57.436,-2.394,57.436
"4734","1",-3.383,51.970,-2.083,51.970
"4738","1",-1.438,53.020,-0.138,53.020
"4741","1",-2.565,52.797,-1.265,52.797
"4742","1",-2.477,54.115,-1.177,54.115
"4743","1",-3.406,50.973,-2.106,50.973
"4744","1",-2.737,52.706,-1.437,52.706
"4745","1",-3.656,55.826,-2.356,55.826
"4750","1",-4.280,51.897,-2.980,51.897
"4751","1",-0.404,52.154,0.896,52.154
"4755","1",-2.990,53.906,-1.690,53.906
"4759","1",-2.347,52.715,-1.047,52.715
"4764","1",-1.645,52.554,-0.345,52.554
"4769","1",-2.471,53.075,-1.171,53.075
"4771","1",-1.049,51.861,0.251,51.861
"4774","1",-2.173,53.032,-0.873,53.032
"4775","1",-2.613,54.271,-1.313,54.271
"4776","1",-4.628,55.121,-3.328,55.121
"4777","1",-4.094,57.381,-2.794,57.381
"4779","1",-4.265,55.732,-2.965,55.732
"4781","1",-4.345,57.035,-3.045,57.035
"4782","1",-3.407,51.140,-2.107,51.140
"4785","1",-2.619,53.182,-1.319,53.182
"4787","1",-2.680,54.215,-1.380,54.215
"4789","1",-1.078,52.792,0.222,52.792
"4790","1",-4.087,55.373,-2.787,55.373
"4792","1",-1.374,51.998,-0.074,51.998
"4795","1",-4.748,56.585,-3.448,56.585
"4803","1",-1.740,53.320,-0.440,53.320
"4805","1",-1.910,51.909,-0.610,51.909
"4807","1",-4.256,53.158,-2.956,53.158
"4810","1",-3.873,55.630,-2.573,55.630
"4812","1",-4.110,53.103,-2.810,53.103
"4814","1",-4.073,55.270,-2.773,55.270
"4815","1",0.044,52.381,1.344,52.381
"4817","1",-1.781,52.146,-0.481,52.146
"4822","1",-0.476,52.475,0.824,52.475
"4827","1",-3.392,55.192,-2.092,55.192
"4829","1",-2.701,54.644,-1.401,54.644
"4834","1",-1.175,50.846,0.125,50.846
"4835","1",-3.829,56.669,-2.529,56.669
"4838","1",-0.311,52.675,0.989,52.675
"4839","1",-3.786,56.969,-2.486,56.969
"4840","1",-2.704,51.897,-1.404,51.897
"4843","1",-2.415,51.304,-1.115,51.304
"4848","1",-4.123,51.977,-2.823,51.977
"4849","1",-1.355,52.699,-0.055,52.699
"4852","1",-3.979,51.055,-2.679,51.055
"4857","1",-1.675,53.512,-0.375,53.512
"4858","1",-3.401,52.150,-2.101,52.150
"4860","1",-3.650,52.114,-2.350,52.114
"4867","1",-2.263,53.114,-0.963,53.114
"4871","1",-3.503,50.940,-2.203,50.940
"4874","1",-0.829,52.390,0.471,52.390
"4875","1",-3.895,57.248,-2.595,57.248
"4876","1",-2.512,54.287,-1.212,54.287
"4882","1",-1.034,53.324,0.266,53.324
"4885","1",-1.207,52.308,0.093,52.308
"4890","1",-3.094,55.499,-1.794,55.499
"4895","1",-3.389,52.851,-2.089,52.851
"4899","1",-3.401,54.422,-2.101,54.422
"4904","1",-0.350,51.106,0.950,51.106
"4905","1",-3.421,50.785,-2.121,50.785
"4907","1",-3.795,57.615,-2.495,57.615
"4909","1",-3.774,50.945,-2.474,50.945
"4910","1",-4.572,56.659,-3.272,56.659
"4912","1",-3.807,52.701,-2.507,52.701
"4913","1",-2.523,52.899,-1.223,52.899
"4914","1",-0.875,51.191,0.425,51.191
"4917","1",-0.270,52.738,1.030,52.738
"4920","1",-1.587,51.034,-0.287,51.034
"4921","1",-2.146,53.188,-0.846,53.188
"4926","1",-3.496,57.209,-2.196,57.209
"4928","1",-3.468,51.142,-2.168,51.142
"4936","1",-3.507,57.341,-2.207,57.341
"4937","1",-3.960,52.170,-2.660,52.170
"4938","1",-1.313,52.505,-0.013,52.505
"4946","1",-2.821,54.304,-1.521,54.304
"4947","1",-2.747,52.904,-1.447,52.904
"4949","1",-3.270,54.422,-1.970,54.422
"4954","1",-1.952,51.620,-0.652,51.620
"4958","1",-2.780,54.505,-1.480,54.505
"4959","1",-2.706,51.948,-1.406,51.948
"4962","1",-2.423,50.874,-1.123,50.874
"4965","1",0.338,52.474,1.638,52.474
"4967","1",-2.590,53.298,-1.290,53.298
"4971","1",-4.104,53.204,-2.804,53.204
"4974","1",-1.343,51.146,-0.043,51.146
"4978","1",-1.203,50.950,0.097,50.950
"4980","1",-2.312,51.019,-1.012,51.019
"4981","1",-3.854,55.417,-2.554,55.417
"4982","1",-2.118,52.724,-0.818,52.724
"4984","1",-3.868,52.001,-2.568,52.001
"4987","1",-1.339,51.775,-0.039,51.775
"4990","1",-1.694,51.673,-0.394,51.673
"4994","1",-2.118,51.650,-0.818,51.650
"4995","1",-0.810,52.050,0.490,52.050
"4996","1",-0.675,52.076,0.625,52.076
"4998","1",-1.676,53.474,-0.376,53.474
"4999","1",-2.795,54.457,-1.495,54.457
